DateTime,Name,Country,Volatility,Actual,Previous,Consensus
12/01/2015 07:00:00,Bank Stress Test Results,United Kingdom,2,,,
12/01/2015 07:00:00,Financial Stability Report,United Kingdom,2,,,
12/01/2015 08:55:00,Unemployment Rate s.a.,Germany,3,6.300,6.400,6.400
12/01/2015 08:55:00,Unemployment Change,Germany,3,-13.000,-5.000,-5.000
12/01/2015 09:00:00,BOE's Governor Carney speech,United Kingdom,3,,,
12/01/2015 09:00:00,Unemployment,Italy,2,11.500,11.800,11.700
12/01/2015 10:00:00,Unemployment Rate,European Monetary Union,2,10.700,10.800,10.800
12/01/2015 14:34:35,GDT Price Index,New Zealand,1,3.600,-7.900,
12/01/2015 16:30:00,4-Week Bill Auction,United States,1,0.190,0.120,
12/01/2015 17:45:00,Fed's Evans Speech,United States,1,,,
12/01/2015 18:00:00,FOMC Member Brainard Speech,United States,1,,,
12/02/2015 01:00:00,FOMC Member Brainard Speech,United States,1,,,
12/02/2015 13:10:00,Fed's Lockhart speech,United States,1,,,
12/02/2015 13:15:00,ADP Employment Change,United States,2,217.000,182.000,190.000
12/02/2015 13:30:00,Unit Labor Costs,United States,1,1.800,1.400,1.100
12/02/2015 13:30:00,Fed's Yellen Speech,United States,2,,,
12/02/2015 17:25:00,Fed's Yellen Speech,United States,2,,,
12/02/2015 19:00:00,Fed's Beige Book,United States,2,,,
12/02/2015 20:40:00,FOMC Member Williams speech,United States,1,,,
12/03/2015 06:30:00,ILO Unemployment,France,1,10.600,10.300,10.600
12/03/2015 10:27:16,10-y Bond Auction,France,1,0.500,0.950,
12/03/2015 11:45:00,ECB deposit rate decision,European Monetary Union,2,-0.300,-0.200,
12/03/2015 12:30:00,Challenger Job Cuts (YoY),United States,1,30.953,50.504,
12/03/2015 13:30:00,Initial Jobless Claims,United States,2,269.000,260.000,268.000
12/03/2015 13:30:00,Continuing Jobless Claims,United States,1,2.161,2.207,2.187
12/03/2015 13:30:00,FOMC Member Mester speech,United States,1,,,
12/03/2015 13:30:00,ECB Monetary policy statement and press conference,European Monetary Union,3,,,
12/03/2015 15:00:00,Fed's Yellen testifies,United States,3,,,
12/03/2015 18:10:00,Fed's Stanley Fischer speech,United States,2,,,
12/04/2015 12:00:00,OPEC meeting,United States,1,,,
12/04/2015 13:30:00,Nonfarm Payrolls,United States,3,211.000,271.000,200.000
12/04/2015 13:30:00,Average Hourly Earnings (YoY),United States,2,2.300,2.500,
12/04/2015 13:30:00,Average Weekly Hours,United States,2,34.500,34.500,34.500
12/04/2015 13:30:00,Labor Force Participation Rate,United States,2,62.500,62.400,
12/04/2015 13:30:00,Unemployment Rate,United States,3,5.000,5.000,5.000
12/04/2015 13:30:00,Average Hourly Earnings (MoM),United States,1,0.200,0.400,0.200
"12/04/2015 21:00:00,""Fed Minneapolis's Narayana Kocherlakota speech "",United States,1,,,"
12/07/2015 00:00:00,Eurogroup meeting,European Monetary Union,2,,,
12/07/2015 08:00:00,Foreign Currency Reserves,Switzerland,1,563.000,551.000,
12/07/2015 15:00:00,Labor Market Conditions Index,United States,2,0.500,1.600,
12/07/2015 15:00:00,BOE's Governor Carney speech,United Kingdom,3,,,
12/07/2015 16:30:00,3-Month Bill Auction,United States,1,0.280,0.215,
12/07/2015 16:30:00,6-Month Bill Auction,United States,1,0.535,0.415,
12/07/2015 17:30:00,Fed's Bullard speech,United States,1,,,
12/08/2015 10:30:00,30-y Bond Auction,United Kingdom,1,2.490,2.450,
12/08/2015 15:00:00,JOLTS Job Openings,United States,1,5.383,5.526,5.500
12/08/2015 16:30:00,52-Week Bill auction,United States,1,0.740,0.500,
12/08/2015 16:30:00,4-Week Bill Auction,United States,1,0.235,0.190,
12/08/2015 18:00:00,3-Year Note Auction,United States,1,1.255,1.271,
12/09/2015 06:45:00,Unemployment Rate s.a (MoM),Switzerland,3,3.400,3.400,
12/09/2015 18:00:00,10-Year Note Auction,United States,2,2.233,2.304,
"12/09/2015 20:00:00,""Monetary Policy Statement "",New Zealand,3,,,"
12/09/2015 20:00:00,RBNZ Press Conference,New Zealand,3,,,
12/10/2015 00:10:00,RBNZ Governor Wheeler Speech,New Zealand,2,,,
12/10/2015 06:30:00,Nonfarm Payrolls (QoQ),France,1,0.000,0.100,
12/10/2015 08:30:00,SNB press conference,Switzerland,3,,,
12/10/2015 12:00:00,BoE Asset Purchase Facility,United Kingdom,3,375.000,375.000,375.000
12/10/2015 12:00:00,Monetary Policy Summary,United Kingdom,3,,,
12/10/2015 12:00:00,BOE MPC Vote Cut,United Kingdom,3,0.000,0.000,0.000
12/10/2015 12:00:00,BOE MPC Vote Hike,United Kingdom,3,1.000,1.000,1.000
12/10/2015 12:00:00,Bank of England Minutes,United Kingdom,2,,,
12/10/2015 12:00:00,BOE MPC Vote Unchanged,United Kingdom,3,8.000,8.000,8.000
12/10/2015 13:30:00,Continuing Jobless Claims,United States,1,2.243,2.161,2.152
12/10/2015 13:30:00,Initial Jobless Claims,United States,2,282.000,269.000,269.000
12/10/2015 18:00:00,30-Year Bond Auction,United States,1,2.978,3.070,
12/10/2015 18:00:00,German Buba President Weidmann speech,Germany,2,,,
12/10/2015 18:30:00,BOE's Governor Carney speech,United Kingdom,3,,,
12/11/2015 10:42:12,Targeted LTRO,European Monetary Union,2,18.300,15.500,7.500
12/11/2015 15:35:00,MPC Member Weale Speech,United Kingdom,1,,,
12/14/2015 11:00:00,ECB President Draghi's Speech,European Monetary Union,3,,,
12/14/2015 16:30:00,3-Month Bill Auction,United States,1,0.280,0.280,
12/14/2015 16:30:00,6-Month Bill Auction,United States,1,0.585,0.535,
12/15/2015 10:00:00,Employment Change (QoQ),European Monetary Union,1,0.300,0.300,
12/15/2015 10:00:00,Employment Change (YoY),European Monetary Union,1,1.100,0.800,
12/15/2015 12:00:00,BoE Quarterly Bulletin,United Kingdom,1,,,
12/15/2015 14:41:45,GDT Price Index,New Zealand,1,1.900,3.600,
12/15/2015 16:30:00,4-Week Bill Auction,United States,1,0.205,0.235,
12/16/2015 08:00:00,Non-monetary policy's ECB meeting,European Monetary Union,3,,,
12/16/2015 09:30:00,Claimant Count Rate,United Kingdom,2,2.300,2.300,2.300
12/16/2015 09:30:00,Average Earnings including Bonus (3Mo/Yr),United Kingdom,2,2.400,3.000,2.500
12/16/2015 09:30:00,Average Earnings excluding Bonus (3Mo/Yr),United Kingdom,2,2.000,2.500,2.300
12/16/2015 09:30:00,Claimant Count Change,United Kingdom,2,3.900,3.300,1.500
12/16/2015 09:30:00,ILO Unemployment Rate (3M),United Kingdom,2,5.200,5.300,5.300
12/16/2015 14:00:00,SNB Quarterly Bulletin,Switzerland,2,,,
12/16/2015 19:00:00,FOMC Economic Projections,United States,2,,,
12/16/2015 19:30:00,Fed's Monetary Policy Statement and press conference,United States,3,,,
12/17/2015 09:00:00,Economic Bulletin,European Monetary Union,2,,,
12/17/2015 10:00:00,Labour cost,European Monetary Union,2,1.100,1.600,
12/17/2015 13:30:00,Continuing Jobless Claims,United States,1,2.238,2.243,2.220
12/17/2015 13:30:00,Initial Jobless Claims,United States,1,271.000,282.000,275.000
12/18/2015 18:00:00,Fed's Lacker speech,United States,1,,,
12/21/2015 11:00:00,German Buba Monthly Report,Germany,1,,,
12/21/2015 16:30:00,3-Month Bill Auction,United States,1,0.250,0.280,
12/21/2015 16:30:00,6-Month Bill Auction,United States,1,0.515,0.585,
12/22/2015 16:30:00,4-Week Bill Auction,United States,1,0.195,0.205,
12/24/2015 13:30:00,Continuing Jobless Claims,United States,2,2.195,2.238,2.210
12/24/2015 13:30:00,Initial Jobless Claims,United States,2,267.000,271.000,270.000
12/28/2015 16:30:00,3-Month Bill Auction,United States,1,0.260,0.250,
12/28/2015 16:30:00,6-Month Bill Auction,United States,1,0.550,0.515,
12/28/2015 18:00:00,2-Year Note Auction,United States,1,1.056,0.948,
12/29/2015 16:30:00,4-Week Bill Auction,United States,1,0.170,0.195,
12/29/2015 18:00:00,5-Year Note Auction,United States,1,1.785,1.670,
12/30/2015 10:00:00,10-y Bond Auction,Italy,1,1.590,1.360,
12/30/2015 10:00:00,5-y Bond Auction,Italy,1,0.570,0.510,
12/30/2015 18:00:00,7-Year Note Auction,United States,1,2.161,2.013,
12/31/2015 13:30:00,Continuing Jobless Claims,United States,2,2.198,2.195,2.201
12/31/2015 13:30:00,Initial Jobless Claims,United States,2,287.000,267.000,270.000
01/01/2016 13:30:00,ECB President Draghi's Speech,European Monetary Union,3,,,
01/04/2016 16:30:00,3-Month Bill Auction,United States,1,0.215,0.260,
01/04/2016 16:30:00,6-Month Bill Auction,United States,1,0.500,0.550,
01/05/2016 08:55:00,Unemployment Rate s.a.,Germany,2,6.300,6.300,
01/05/2016 08:55:00,Unemployment Change,Germany,2,-14.000,-13.000,
01/05/2016 10:00:00,10-y Bond Auction,United Kingdom,1,1.880,1.940,
01/05/2016 12:00:00,GDT Price Index,New Zealand,1,-1.600,1.900,
01/05/2016 16:30:00,52-Week Bill auction,United States,1,0.670,0.740,
01/05/2016 16:30:00,4-Week Bill Auction,United States,1,0.200,0.170,
01/06/2016 13:15:00,ADP Employment Change,United States,2,257.000,217.000,192.000
01/06/2016 19:00:00,FOMC Minutes,United States,3,,,
01/07/2016 08:00:00,Foreign Currency Reserves,Switzerland,1,560.000,563.000,
01/07/2016 09:00:00,Unemployment,Italy,2,11.300,11.500,11.500
01/07/2016 10:00:00,Unemployment Rate,European Monetary Union,2,10.500,10.700,10.700
01/07/2016 10:00:00,10-y Bond Auction,France,1,0.860,0.500,
01/07/2016 12:30:00,Challenger Job Cuts (YoY),United States,1,23.622,30.953,
01/07/2016 13:30:00,Initial Jobless Claims,United States,2,277.000,287.000,275.000
01/07/2016 13:30:00,Continuing Jobless Claims,United States,2,2.230,2.198,2.193
01/08/2016 06:45:00,Unemployment Rate s.a (MoM),Switzerland,3,3.400,3.400,3.400
01/08/2016 13:30:00,Unemployment Rate,United States,3,5.000,5.000,5.000
01/08/2016 13:30:00,Labor Force Participation Rate,United States,2,62.600,62.500,
01/08/2016 13:30:00,Average Hourly Earnings (MoM),United States,1,0.000,0.200,0.200
01/08/2016 13:30:00,Average Weekly Hours,United States,2,34.500,34.500,34.500
01/08/2016 13:30:00,Average Hourly Earnings (YoY),United States,1,2.500,2.300,
01/08/2016 13:30:00,Nonfarm Payrolls,United States,3,292.000,211.000,200.000
01/11/2016 15:00:00,Labor Market Conditions Index,United States,2,2.900,0.500,
01/11/2016 16:30:00,3-Month Bill Auction,United States,1,0.215,0.215,
01/11/2016 16:30:00,6-Month Bill Auction,United States,1,0.470,0.500,
01/11/2016 17:40:00,Fed's Lockhart speech,United States,1,,,
01/12/2016 10:30:00,Fed's Stanley Fischer speech,United States,2,,,
01/12/2016 14:15:00,BOE's Governor Carney speech,United Kingdom,3,,,
01/12/2016 15:00:00,JOLTS Job Openings,United States,1,5.431,5.383,5.410
01/12/2016 16:30:00,4-Week Bill Auction,United States,1,0.220,0.200,
01/12/2016 18:00:00,3-Year Note Auction,United States,1,1.174,1.255,
01/12/2016 20:15:00,Fed's Lacker speech,United States,1,,,
01/13/2016 02:00:00,President Obama speech,United States,2,,,
01/13/2016 08:00:00,Non-monetary policy's ECB meeting,European Monetary Union,3,,,
01/13/2016 11:22:16,10-y Bond Auction,Germany,2,0.590,0.490,
01/13/2016 13:00:00,Federal Reserve Bank of Boston President Rosengren Speech,United States,1,,,
01/13/2016 18:00:00,10-Year Note Auction,United States,2,2.090,2.233,
01/13/2016 18:30:00,Fed's Evans Speech,United States,1,,,
01/13/2016 19:00:00,Fed's Beige Book,United States,2,,,
01/14/2016 12:00:00,BoE Asset Purchase Facility,United Kingdom,3,375.000,375.000,375.000
01/14/2016 12:00:00,Monetary Policy Summary,United Kingdom,3,,,
01/14/2016 12:00:00,BOE MPC Vote Cut,United Kingdom,3,0.000,0.000,0.000
01/14/2016 12:00:00,BOE MPC Vote Hike,United Kingdom,3,1.000,1.000,1.000
01/14/2016 12:00:00,Bank of England Minutes,United Kingdom,2,,,
01/14/2016 12:00:00,BOE MPC Vote Unchanged,United Kingdom,3,8.000,8.000,8.000
01/14/2016 12:30:00,ECB Monetary Policy Meeting Accounts,European Monetary Union,3,,,
01/14/2016 13:00:00,Eurogroup meeting,European Monetary Union,2,,,
01/14/2016 13:30:00,Continuing Jobless Claims,United States,2,2.263,2.230,2.215
01/14/2016 13:30:00,Initial Jobless Claims,United States,2,284.000,277.000,275.000
01/14/2016 13:30:00,Fed's Bullard speech,United States,1,,,
01/14/2016 18:00:00,30-Year Bond Auction,United States,1,2.905,2.978,
01/15/2016 09:30:00,BOE Credit Conditions Survey,United Kingdom,1,,,
01/15/2016 15:00:00,EcoFin Meeting,European Monetary Union,2,,,
01/19/2016 12:00:00,BOE's Governor Carney speech,United Kingdom,3,,,
01/19/2016 14:08:47,GDT Price Index,New Zealand,1,-1.400,-1.600,
01/19/2016 16:30:00,3-Month Bill Auction,United States,1,0.255,0.215,
01/19/2016 16:30:00,6-Month Bill Auction,United States,1,0.370,0.470,
01/20/2016 00:00:00,World Economic Forum - Davos,Switzerland,2,,,
01/20/2016 09:30:00,Claimant Count Change,United Kingdom,1,-4.300,3.900,2.500
01/20/2016 09:30:00,ILO Unemployment Rate (3M),United Kingdom,1,5.100,5.200,5.200
01/20/2016 09:30:00,Average Earnings excluding Bonus (3Mo/Yr),United Kingdom,1,1.900,2.000,1.800
01/20/2016 09:30:00,Average Earnings including Bonus (3Mo/Yr),United Kingdom,1,2.000,2.400,2.100
01/20/2016 09:30:00,Claimant Count Rate,United Kingdom,1,2.300,2.300,
01/20/2016 16:30:00,4-Week Bill Auction,United States,1,0.250,0.220,
01/21/2016 00:00:00,World Economic Forum - Davos,Switzerland,2,,,
01/21/2016 12:45:00,ECB deposit rate decision,European Monetary Union,2,-0.300,-0.300,-0.300
01/21/2016 13:30:00,Initial Jobless Claims,United States,2,293.000,284.000,278.000
01/21/2016 13:30:00,Continuing Jobless Claims,United States,1,2.208,2.263,2.248
01/21/2016 13:30:00,ECB Monetary policy statement and press conference,European Monetary Union,3,,,
01/22/2016 00:00:00,World Economic Forum - Davos,Switzerland,2,,,
01/22/2016 07:45:00,ECB President Draghi's Speech,European Monetary Union,3,,,
01/22/2016 12:00:00,MPC Member Cunliffe Speech,United Kingdom,1,,,
01/23/2016 00:00:00,World Economic Forum - Davos,Switzerland,2,,,
01/25/2016 11:00:00,German Buba Monthly Report,Germany,1,,,
01/25/2016 16:30:00,3-Month Bill Auction,United States,1,0.305,0.255,
01/25/2016 16:30:00,6-Month Bill Auction,United States,1,0.415,0.370,
01/25/2016 18:00:00,ECB President Draghi's Speech,European Monetary Union,3,,,
01/26/2016 10:45:00,BOE's Governor Carney speech,United Kingdom,3,,,
01/26/2016 16:30:00,4-Week Bill Auction,United States,1,0.295,0.250,
01/26/2016 18:00:00,2-Year Note Auction,United States,1,0.860,1.056,
01/27/2016 12:02:16,30-y Bond Auction,Germany,1,1.180,1.490,
01/27/2016 18:00:00,5-Year Note Auction,United States,1,1.496,1.785,
01/27/2016 19:00:00,Fed's Monetary Policy Statement,United States,3,,,
01/28/2016 10:33:46,10-y Bond Auction,Italy,1,1.440,1.590,
01/28/2016 10:33:52,5-y Bond Auction,Italy,1,0.420,0.570,
01/28/2016 13:30:00,Continuing Jobless Claims,United States,1,2.268,2.208,2.217
01/28/2016 13:30:00,Initial Jobless Claims,United States,2,278.000,293.000,282.000
01/28/2016 18:00:00,7-Year Note Auction,United States,1,1.759,2.161,
01/29/2016 13:30:00,Employment cost index,United States,1,0.600,0.600,0.600
01/29/2016 20:30:00,FOMC Member Williams speech,United States,1,,,
02/01/2016 16:00:00,ECB President Draghi's Speech,European Monetary Union,3,,,
02/01/2016 16:30:00,3-Month Bill Auction,United States,1,0.350,0.305,
02/01/2016 16:30:00,6-Month Bill Auction,United States,1,0.465,0.415,
02/01/2016 18:00:00,Fed's Stanley Fischer speech,United States,2,,,
02/01/2016 19:00:00,Loan Officer Survey,United States,1,,,
02/02/2016 08:55:00,Unemployment Rate s.a.,Germany,2,6.200,6.300,6.300
02/02/2016 08:55:00,Unemployment Change,Germany,2,-20.000,-14.000,-7.000
02/02/2016 09:00:00,Unemployment,Italy,2,11.400,11.300,11.300
02/02/2016 10:00:00,Unemployment Rate,European Monetary Union,2,10.400,10.500,10.500
02/02/2016 14:00:00,GDT Price Index,New Zealand,1,-7.400,-1.400,
02/02/2016 16:30:00,52-Week Bill auction,United States,1,0.530,0.670,
02/02/2016 16:30:00,4-Week Bill Auction,United States,1,0.270,0.295,
02/02/2016 18:00:00,Fed's George Speech,United States,1,,,
02/02/2016 21:45:00,Participation Rate,New Zealand,2,68.400,68.600,68.900
02/02/2016 21:45:00,Unemployment Rate,New Zealand,2,5.300,6.000,6.100
02/02/2016 21:45:00,Employment Change,New Zealand,2,0.900,-0.400,0.800
02/02/2016 21:45:00,Labour cost index (YoY),New Zealand,1,1.600,1.700,1.600
02/02/2016 21:45:00,Labour cost index (QoQ),New Zealand,1,0.400,0.400,0.500
02/02/2016 23:45:00,RBNZ Governor Wheeler Speech,New Zealand,2,,,
02/03/2016 08:00:00,Non-monetary policy's ECB meeting,European Monetary Union,3,,,
02/03/2016 13:15:00,ADP Employment Change,United States,2,205.000,257.000,195.000
02/03/2016 22:30:00,RBNZ Assistant Governor McDermott Speech,New Zealand,2,,,
02/04/2016 07:15:00,Federal Reserve Bank of Boston President Rosengren Speech,United States,1,,,
02/04/2016 08:00:00,ECB President Draghi's Speech,European Monetary Union,3,,,
02/04/2016 09:00:00,Economic Bulletin,European Monetary Union,2,,,
02/04/2016 11:57:53,10-y Bond Auction,France,1,0.670,0.860,
02/04/2016 12:00:00,BoE Asset Purchase Facility,United Kingdom,3,375.000,375.000,375.000
02/04/2016 12:00:00,Monetary Policy Summary,United Kingdom,2,,,
02/04/2016 12:00:00,Bank of England Quarterly Inflation Report,United Kingdom,2,,,
02/04/2016 12:00:00,BOE MPC Vote Unchanged,United Kingdom,3,9.000,8.000,8.000
02/04/2016 12:00:00,BOE MPC Vote Cut,United Kingdom,3,0.000,0.000,0.000
02/04/2016 12:00:00,Bank of England Minutes,United Kingdom,2,,,
02/04/2016 12:00:00,BOE MPC Vote Hike,United Kingdom,3,0.000,1.000,1.000
02/04/2016 12:30:00,Challenger Job Cuts (YoY),United States,1,75.114,23.622,
02/04/2016 12:45:00,BOE's Governor Carney speech,United Kingdom,3,,,
02/04/2016 13:30:00,Continuing Jobless Claims,United States,1,2.255,2.268,2.240
02/04/2016 13:30:00,Initial Jobless Claims,United States,2,285.000,278.000,280.000
02/04/2016 13:30:00,Unit Labor Costs,United States,1,4.500,1.800,3.900
02/05/2016 08:00:00,Foreign Currency Reserves,Switzerland,1,575.000,560.000,
02/05/2016 13:30:00,Average Hourly Earnings (YoY),United States,2,2.500,2.500,
02/05/2016 13:30:00,Nonfarm Payrolls,United States,3,151.000,292.000,190.000
02/05/2016 13:30:00,Unemployment Rate,United States,3,4.900,5.000,5.000
02/05/2016 13:30:00,Average Hourly Earnings (MoM),United States,2,0.500,0.000,0.300
02/05/2016 13:30:00,Labor Force Participation Rate,United States,2,62.700,62.600,
02/05/2016 13:30:00,Average Weekly Hours,United States,1,34.600,34.500,34.500
02/08/2016 15:00:00,Labor Market Conditions Index,United States,2,0.400,2.900,
02/08/2016 16:30:00,3-Month Bill Auction,United States,1,0.315,0.350,
02/08/2016 16:30:00,6-Month Bill Auction,United States,1,0.420,0.465,
02/09/2016 06:45:00,Unemployment Rate s.a (MoM),Switzerland,3,3.400,3.400,3.400
02/09/2016 07:45:00,Individual Investment (Current Year),France,1,7.000,3.000,
02/09/2016 09:30:00,MPC Member Cunliffe Speech,United Kingdom,1,,,
02/09/2016 15:00:00,JOLTS Job Openings,United States,1,5.600,5.431,5.400
02/09/2016 16:30:00,4-Week Bill Auction,United States,1,0.260,0.270,
02/09/2016 18:00:00,3-Year Note Auction,United States,1,0.844,1.174,
02/10/2016 14:00:00,Fed's Yellen testifies,United States,3,,,
02/10/2016 18:00:00,10-Year Note Auction,United States,2,1.730,2.090,
02/10/2016 18:30:00,FOMC Member Williams speech,United States,1,,,
02/11/2016 10:56:17,30-y Bond Auction,United Kingdom,1,2.210,2.490,
02/11/2016 13:30:00,Continuing Jobless Claims,United States,1,2.239,2.255,2.250
02/11/2016 13:30:00,Initial Jobless Claims,United States,1,269.000,285.000,281.000
02/11/2016 14:00:00,Eurogroup meeting,European Monetary Union,2,,,
02/11/2016 15:00:00,Fed's Yellen testifies,United States,3,,,
02/11/2016 18:00:00,30-Year Bond Auction,United States,1,2.500,2.905,
02/12/2016 07:45:00,Nonfarm Payrolls (QoQ),France,1,0.200,0.000,
02/12/2016 15:00:00,EcoFin Meeting,European Monetary Union,2,,,
02/12/2016 15:00:00,Fed's William Dudley speech,United States,1,,,
02/15/2016 10:00:00,German Buba Monthly Report,Germany,1,,,
02/15/2016 14:00:00,ECB President Draghi's Speech,European Monetary Union,3,,,
02/16/2016 02:00:00,RBNZ Inflation Expectations (YoY),New Zealand,1,1.600,1.900,
02/16/2016 15:09:07,GDT Price Index,New Zealand,1,-2.800,-7.400,
02/16/2016 16:30:00,3-Month Bill Auction,United States,1,0.300,0.315,
02/16/2016 16:30:00,6-Month Bill Auction,United States,1,0.410,0.420,
02/17/2016 00:00:00,Federal Reserve Bank of Boston President Rosengren Speech,United States,1,,,
02/17/2016 08:00:00,Non-monetary policy's ECB meeting,European Monetary Union,3,,,
02/17/2016 09:30:00,Claimant Count Rate,United Kingdom,2,2.200,2.300,
02/17/2016 09:30:00,Average Earnings including Bonus (3Mo/Yr),United Kingdom,2,1.900,2.000,1.900
02/17/2016 09:30:00,Average Earnings excluding Bonus (3Mo/Yr),United Kingdom,2,2.000,1.900,1.800
02/17/2016 09:30:00,Claimant Count Change,United Kingdom,2,-14.800,-4.300,-3.000
02/17/2016 09:30:00,ILO Unemployment Rate (3M),United Kingdom,2,5.100,5.100,5.000
02/17/2016 10:00:00,10-y Bond Auction,United Kingdom,1,1.590,1.880,
02/17/2016 10:40:27,10-y Bond Auction,Germany,2,0.260,0.590,
02/17/2016 16:30:00,4-Week Bill Auction,United States,1,0.270,0.260,
02/17/2016 19:00:00,FOMC Minutes,United States,3,,,
02/18/2016 00:30:00,Fed's Bullard speech,United States,1,,,
02/18/2016 08:55:00,MPC Member Cunliffe Speech,United Kingdom,1,,,
02/18/2016 12:00:00,European Council meeting,European Monetary Union,2,,,
02/18/2016 12:30:00,ECB Monetary Policy Meeting Accounts,European Monetary Union,3,,,
02/18/2016 13:30:00,Continuing Jobless Claims,United States,2,2.273,2.239,2.250
02/18/2016 13:30:00,Initial Jobless Claims,United States,2,262.000,269.000,275.000
02/18/2016 20:30:00,FOMC Member Williams speech,United States,1,,,
02/19/2016 12:00:00,European Council meeting,European Monetary Union,2,,,
02/19/2016 13:00:00,FOMC Member Mester speech,United States,1,,,
02/22/2016 16:30:00,3-Month Bill Auction,United States,1,0.320,0.300,
02/22/2016 16:30:00,6-Month Bill Auction,United States,1,0.455,0.410,
02/22/2016 18:00:00,ECB's Lautenschläger Speech,European Monetary Union,1,,,
02/23/2016 10:00:00,BOE's Governor Carney speech,United Kingdom,3,,,
02/23/2016 11:15:00,SNB Chairman Jordan Speech,Switzerland,2,,,
02/23/2016 16:30:00,4-Week Bill Auction,United States,1,0.285,0.270,
02/23/2016 17:00:00,MPC Member Haldane Speech,United Kingdom,1,,,
02/23/2016 18:00:00,2-Year Note Auction,United States,1,0.752,0.860,
02/24/2016 01:30:00,Fed's Stanley Fischer speech,United States,2,,,
02/24/2016 10:44:11,30-y Bond Auction,Germany,1,0.770,1.180,
02/24/2016 18:00:00,5-Year Note Auction,United States,1,1.169,1.496,
02/24/2016 18:10:00,MPC Member Cunliffe Speech,United Kingdom,1,,,
02/25/2016 00:00:00,Fed's Bullard speech,United States,1,,,
02/25/2016 13:15:00,Fed's Lockhart speech,United States,1,,,
02/25/2016 13:30:00,Continuing Jobless Claims,United States,1,2.253,2.273,2.260
02/25/2016 13:30:00,Initial Jobless Claims,United States,2,272.000,262.000,270.000
02/25/2016 17:00:00,FOMC Member Williams speech,United States,1,,,
02/26/2016 00:15:00,BOE's Governor Carney speech,United Kingdom,3,,,
02/26/2016 08:15:00,Employment Level (QoQ),Switzerland,1,4.897,4.240,4.240
02/26/2016 10:41:12,10-y Bond Auction,Italy,1,1.500,1.440,
02/26/2016 10:41:16,5-y Bond Auction,Italy,1,0.440,0.420,
02/26/2016 11:00:00,G20 Meeting,European Monetary Union,2,,,
02/26/2016 15:15:00,FOMC Member Powell Speech,United States,1,,,
02/26/2016 16:30:00,7-Year Note Auction,United States,1,1.568,1.759,
02/26/2016 18:30:00,FOMC Member Brainard Speech,United States,1,,,
02/26/2016 18:30:00,ECB's Praet Speech,European Monetary Union,1,,,
02/27/2016 00:00:00,G20 Meeting,European Monetary Union,2,,,
02/29/2016 16:30:00,3-Month Bill Auction,United States,1,0.325,0.320,
02/29/2016 16:30:00,6-Month Bill Auction,United States,1,0.480,0.455,
03/01/2016 04:30:00,Fed's William Dudley speech,United States,1,,,
03/01/2016 08:55:00,Unemployment Change,Germany,3,-10.000,-20.000,-10.000
03/01/2016 08:55:00,Unemployment Rate s.a.,Germany,3,6.200,6.200,6.200
03/01/2016 09:00:00,Unemployment,Italy,2,11.500,11.400,11.400
03/01/2016 10:00:00,Unemployment Rate,European Monetary Union,2,10.300,10.400,10.400
03/01/2016 15:02:11,GDT Price Index,New Zealand,1,1.400,-2.800,
03/01/2016 16:30:00,52-Week Bill auction,United States,1,0.660,0.530,
03/01/2016 16:30:00,4-Week Bill Auction,United States,1,0.295,0.285,
03/02/2016 10:00:00,MPC Member Broadbent Speech,United Kingdom,1,,,
03/02/2016 13:15:00,ADP Employment Change,United States,2,214.000,205.000,190.000
03/02/2016 14:00:00,MPC Member Cunliffe Speech,United Kingdom,1,,,
03/02/2016 19:00:00,Fed's Beige Book,United States,2,,,
03/03/2016 06:30:00,ILO Unemployment,France,1,10.300,10.600,
03/03/2016 10:13:15,10-y Bond Auction,France,1,0.630,0.670,
03/03/2016 12:30:00,Challenger Job Cuts (YoY),United States,1,61.599,75.114,
03/03/2016 13:30:00,Initial Jobless Claims,United States,2,278.000,272.000,271.000
03/03/2016 13:30:00,Continuing Jobless Claims,United States,1,2.257,2.253,2.250
03/03/2016 13:30:00,Unit Labor Costs,United States,1,3.300,4.500,4.700
03/03/2016 17:45:00,MPC Member Haldane Speech,United Kingdom,1,,,
03/04/2016 13:30:00,Average Hourly Earnings (YoY),United States,1,2.200,2.500,
03/04/2016 13:30:00,Nonfarm Payrolls,United States,3,242.000,151.000,190.000
03/04/2016 13:30:00,Unemployment Rate,United States,3,4.900,4.900,4.900
03/04/2016 13:30:00,Average Hourly Earnings (MoM),United States,1,-0.100,0.500,0.200
03/04/2016 13:30:00,Labor Force Participation Rate,United States,2,62.900,62.700,
03/04/2016 13:30:00,Average Weekly Hours,United States,2,34.400,34.600,34.600
03/07/2016 08:00:00,Foreign Currency Reserves,Switzerland,1,571.000,575.000,
03/07/2016 09:10:00,MPC Member Haldane Speech,United Kingdom,1,,,
03/07/2016 14:00:00,Eurogroup meeting,European Monetary Union,2,,,
03/07/2016 15:00:00,Labor Market Conditions Index,United States,2,-2.400,0.400,
03/07/2016 16:30:00,3-Month Bill Auction,United States,1,0.315,0.325,
03/07/2016 16:30:00,6-Month Bill Auction,United States,1,0.475,0.480,
03/07/2016 18:00:00,FOMC Member Brainard Speech,United States,1,,,
03/07/2016 18:00:00,Fed's Stanley Fischer speech,United States,2,,,
03/08/2016 06:45:00,Unemployment Rate s.a (MoM),Switzerland,3,3.400,3.400,
03/08/2016 09:15:00,BOE's Governor Carney speech,United Kingdom,3,,,
03/08/2016 11:00:00,EcoFin Meeting,European Monetary Union,2,,,
03/08/2016 16:30:00,4-Week Bill Auction,United States,1,0.275,0.295,
03/08/2016 17:00:00,MPC Member Weale Speech,United Kingdom,1,,,
03/08/2016 18:00:00,3-Year Note Auction,United States,1,1.039,0.844,
03/09/2016 18:00:00,10-Year Note Auction,United States,2,1.895,1.730,
"03/09/2016 20:00:00,""Monetary Policy Statement "",New Zealand,3,,,"
03/09/2016 20:00:00,RBNZ Press Conference,New Zealand,3,,,
03/09/2016 23:10:00,RBNZ Governor Wheeler Speech,New Zealand,2,,,
03/10/2016 06:30:00,Nonfarm Payrolls (QoQ),France,1,0.200,0.200,
03/10/2016 12:45:00,ECB deposit rate decision,European Monetary Union,3,-0.400,-0.300,-0.400
03/10/2016 13:30:00,Initial Jobless Claims,United States,2,259.000,278.000,275.000
03/10/2016 13:30:00,Continuing Jobless Claims,United States,1,2.225,2.257,2.255
03/10/2016 13:30:00,ECB Monetary policy statement and press conference,European Monetary Union,3,,,
03/10/2016 18:00:00,30-Year Bond Auction,United States,1,2.720,2.500,
"03/13/2016 02:00:00,""Daylight Saving Time "",United States,0,,,"
03/14/2016 15:30:00,3-Month Bill Auction,United States,1,0.335,0.315,
03/14/2016 15:30:00,6-Month Bill Auction,United States,1,0.510,0.475,
03/14/2016 19:00:00,RBNZ Governor Wheeler Speech,New Zealand,2,,,
03/15/2016 10:00:00,Employment Change (QoQ),European Monetary Union,1,0.300,0.300,0.200
03/15/2016 10:00:00,Employment Change (YoY),European Monetary Union,1,1.200,1.100,
03/15/2016 14:43:09,GDT Price Index,New Zealand,1,-2.900,1.400,
03/15/2016 15:30:00,4-Week Bill Auction,United States,1,0.280,0.275,
03/16/2016 08:00:00,Non-monetary policy's ECB meeting,European Monetary Union,3,,,
03/16/2016 09:30:00,Claimant Count Rate,United Kingdom,1,2.100,2.200,
03/16/2016 09:30:00,Average Earnings excluding Bonus (3Mo/Yr),United Kingdom,1,2.200,2.000,2.100
03/16/2016 09:30:00,Average Earnings including Bonus (3Mo/Yr),United Kingdom,1,2.100,1.900,2.000
03/16/2016 09:30:00,Claimant Count Change,United Kingdom,1,-18.000,-14.800,-9.100
03/16/2016 09:30:00,ILO Unemployment Rate (3M),United Kingdom,1,5.100,5.100,5.100
03/16/2016 10:58:16,10-y Bond Auction,Germany,2,0.300,0.260,
03/16/2016 12:30:00,Budget Report,United Kingdom,2,,,
03/16/2016 18:00:00,FOMC Economic Projections,United States,3,,,
03/16/2016 18:30:00,Fed's Monetary Policy Statement and press conference,United States,3,,,
03/17/2016 12:00:00,BoE Asset Purchase Facility,United Kingdom,3,375.000,375.000,375.000
03/17/2016 12:00:00,Monetary Policy Summary,United Kingdom,2,,,
03/17/2016 12:00:00,BOE MPC Vote Cut,United Kingdom,3,0.000,0.000,0.000
03/17/2016 12:00:00,BOE MPC Vote Hike,United Kingdom,3,0.000,0.000,0.000
03/17/2016 12:00:00,Bank of England Minutes,United Kingdom,3,,,
03/17/2016 12:00:00,BOE MPC Vote Unchanged,United Kingdom,3,9.000,9.000,9.000
03/17/2016 12:30:00,Continuing Jobless Claims,United States,1,2.235,2.225,2.228
03/17/2016 12:30:00,Initial Jobless Claims,United States,2,265.000,259.000,268.000
03/17/2016 14:00:00,JOLTS Job Openings,United States,1,5.541,5.600,5.500
03/18/2016 10:00:00,Labour cost,European Monetary Union,2,1.300,1.100,
03/18/2016 12:00:00,BoE Quarterly Bulletin,United Kingdom,1,,,
03/18/2016 13:00:00,Fed's William Dudley speech,United States,1,,,
03/18/2016 15:00:00,Federal Reserve Bank of Boston President Rosengren Speech,United States,1,,,
03/18/2016 18:00:00,Fed's Bullard speech,United States,1,,,
03/21/2016 11:00:00,German Buba Monthly Report,Germany,1,,,
03/21/2016 15:30:00,3-Month Bill Auction,United States,1,0.300,0.335,
03/21/2016 15:30:00,6-Month Bill Auction,United States,1,0.440,0.510,
03/21/2016 16:40:00,Fed's Lockhart speech,United States,1,,,
03/22/2016 15:30:00,4-Week Bill Auction,United States,1,0.270,0.280,
03/22/2016 17:30:00,Fed's Evans Speech,United States,1,,,
03/23/2016 11:06:47,30-y Bond Auction,Germany,1,0.940,0.770,
03/23/2016 14:00:00,SNB Quarterly Bulletin,Switzerland,2,,,
03/24/2016 09:00:00,Economic Bulletin,European Monetary Union,2,,,
03/24/2016 10:56:59,Targeted LTRO,European Monetary Union,3,7.300,18.300,24.300
03/24/2016 12:15:00,Fed's Bullard speech,United States,1,,,
03/24/2016 12:30:00,Initial Jobless Claims,United States,2,265.000,265.000,268.000
03/24/2016 12:30:00,Continuing Jobless Claims,United States,1,2.179,2.235,2.230
03/27/2016 03:00:00,Daylight Saving Time,United Kingdom,0,,,
"03/27/2016 03:00:00,""Daylight Saving Time "",Switzerland,0,,,"
03/27/2016 03:00:00,Daylight Saving Time,European Monetary Union,0,,,
03/27/2016 19:00:00,BOE's Governor Carney speech,United Kingdom,3,,,
03/28/2016 15:30:00,3-Month Bill Auction,United States,1,0.300,0.300,
03/28/2016 15:30:00,6-Month Bill Auction,United States,1,0.475,0.440,
03/29/2016 09:15:00,FOMC Member Williams speech,United States,1,,,
03/29/2016 15:30:00,52-Week Bill auction,United States,1,0.660,0.660,
03/29/2016 15:30:00,4-Week Bill Auction,United States,1,0.200,0.270,
03/29/2016 16:20:00,Fed's Yellen Speech,United States,2,,,
03/29/2016 17:00:00,5-Year Note Auction,United States,1,1.335,1.169,
03/29/2016 17:00:00,2-Year Note Auction,United States,1,0.752,0.752,
03/30/2016 09:39:30,5-y Bond Auction,Italy,1,0.340,0.440,
03/30/2016 09:39:34,10-y Bond Auction,Italy,1,1.240,1.500,
03/30/2016 12:15:00,ADP Employment Change,United States,2,200.000,214.000,194.000
03/30/2016 17:00:00,Fed's Evans Speech,United States,1,,,
03/30/2016 17:00:00,7-Year Note Auction,United States,1,1.606,1.568,
03/31/2016 07:00:00,BOE's Governor Carney speech,United Kingdom,3,,,
03/31/2016 07:55:00,Unemployment Rate s.a.,Germany,3,6.200,6.200,6.200
03/31/2016 07:55:00,Unemployment Change,Germany,3,0.000,-10.000,-7.000
03/31/2016 11:30:00,Challenger Job Cuts (YoY),United States,1,48.207,61.599,
03/31/2016 12:30:00,Initial Jobless Claims,United States,2,276.000,265.000,265.000
03/31/2016 12:30:00,Continuing Jobless Claims,United States,1,2.173,2.179,2.205
03/31/2016 21:00:00,Fed's William Dudley speech,United States,1,,,
04/01/2016 08:00:00,Unemployment,Italy,2,11.700,11.500,
04/01/2016 12:30:00,Nonfarm Payrolls,United States,3,215.000,242.000,205.000
04/01/2016 12:30:00,Average Hourly Earnings (YoY),United States,1,2.300,2.200,
04/01/2016 12:30:00,Labor Force Participation Rate,United States,2,63.000,62.900,
04/01/2016 12:30:00,Average Hourly Earnings (MoM),United States,1,0.300,-0.100,0.200
04/01/2016 12:30:00,Average Weekly Hours,United States,2,34.400,34.400,34.500
04/01/2016 12:30:00,Unemployment Rate,United States,3,5.000,4.900,4.900
04/04/2016 09:00:00,Unemployment Rate,European Monetary Union,2,10.300,10.300,10.300
04/04/2016 14:00:00,Labor Market Conditions Index,United States,2,-2.100,-2.400,
04/04/2016 15:30:00,3-Month Bill Auction,United States,1,0.235,0.300,
04/04/2016 15:30:00,6-Month Bill Auction,United States,1,0.385,0.475,
04/05/2016 14:00:00,JOLTS Job Openings,United States,1,5.445,5.541,5.570
04/05/2016 14:52:18,GDT Price Index,New Zealand,1,2.100,-2.900,
04/05/2016 15:30:00,4-Week Bill Auction,United States,1,0.185,0.200,
04/06/2016 07:00:00,Non-monetary policy's ECB meeting,European Monetary Union,3,,,
04/06/2016 16:20:00,FOMC Member Mester speech,United States,1,,,
04/06/2016 18:00:00,FOMC Minutes,United States,3,,,
04/06/2016 22:30:00,Fed's Bullard speech,United States,1,,,
04/07/2016 07:00:00,Foreign Currency Reserves,Switzerland,1,576.000,571.000,
04/07/2016 08:00:00,ECB's Praet Speech,European Monetary Union,2,,,
04/07/2016 10:00:00,10-y Bond Auction,United Kingdom,1,1.510,1.590,
04/07/2016 10:52:25,10-y Bond Auction,France,1,0.430,0.630,
04/07/2016 11:30:00,ECB Monetary Policy Meeting Accounts,European Monetary Union,3,,,
04/07/2016 12:30:00,Continuing Jobless Claims,United States,2,2.191,2.173,2.173
04/07/2016 12:30:00,Initial Jobless Claims,United States,2,267.000,276.000,270.000
04/07/2016 13:00:00,ECB President Draghi's Speech,European Monetary Union,3,,,
04/07/2016 21:30:00,Fed's Yellen Speech,United States,2,,,
04/08/2016 00:15:00,Fed's George Speech,United States,1,,,
04/08/2016 05:45:00,Unemployment Rate s.a (MoM),Switzerland,3,3.500,3.400,
04/08/2016 12:30:00,Fed's William Dudley speech,United States,1,,,
04/11/2016 12:30:00,Treasury Sec Lew Speech,United States,2,,,
04/11/2016 13:25:00,Fed's William Dudley speech,United States,1,,,
04/11/2016 13:30:00,Fed announcement,United States,3,,,
04/11/2016 15:30:00,3-Month Bill Auction,United States,1,0.230,0.235,
04/11/2016 15:30:00,6-Month Bill Auction,United States,1,0.350,0.385,
04/12/2016 15:00:00,FOMC Member Harker Speech,United States,2,,,
04/12/2016 15:30:00,4-Week Bill Auction,United States,1,0.200,0.185,
04/12/2016 17:00:00,3-Year Note Auction,United States,1,0.890,1.039,
04/12/2016 19:00:00,FOMC Member Williams speech,United States,1,,,
04/12/2016 22:00:00,Fed's Lacker speech,United States,1,,,
04/13/2016 08:30:00,BOE Credit Conditions Survey,United Kingdom,1,,,
04/13/2016 10:06:30,30-y Bond Auction,United Kingdom,1,2.350,2.210,
04/13/2016 17:00:00,10-Year Note Auction,United States,2,1.765,1.895,
04/13/2016 18:00:00,Fed's Beige Book,United States,2,,,
04/14/2016 11:00:00,BoE Asset Purchase Facility,United Kingdom,3,375.000,375.000,
04/14/2016 11:00:00,Monetary Policy Summary,United Kingdom,2,,,
04/14/2016 11:00:00,BOE MPC Vote Cut,United Kingdom,3,0.000,0.000,0.000
04/14/2016 11:00:00,Bank of England Minutes,United Kingdom,3,,,
04/14/2016 11:00:00,BOE MPC Vote Hike,United Kingdom,3,0.000,0.000,0.000
04/14/2016 11:00:00,BOE MPC Vote Unchanged,United Kingdom,3,9.000,9.000,9.000
04/14/2016 12:30:00,Continuing Jobless Claims,United States,2,2.171,2.191,2.183
04/14/2016 12:30:00,Initial Jobless Claims,United States,2,253.000,267.000,270.000
04/14/2016 14:00:00,Fed's Lockhart speech,United States,1,,,
04/14/2016 14:00:00,FOMC Member Powell Speech,United States,1,,,
04/14/2016 17:00:00,30-Year Bond Auction,United States,1,2.596,2.720,
04/15/2016 00:00:00,IMF Meeting,European Monetary Union,2,,,
04/15/2016 12:00:00,G20 Meeting,European Monetary Union,2,,,
04/15/2016 16:30:00,Fed's Evans Speech,United States,1,,,
04/16/2016 00:00:00,IMF Meeting,European Monetary Union,2,,,
04/17/2016 00:00:00,IMF Meeting,European Monetary Union,2,,,
04/18/2016 10:00:00,German Buba Monthly Report,Germany,1,,,
04/18/2016 12:30:00,Fed's William Dudley speech,United States,1,,,
04/18/2016 15:30:00,3-Month Bill Auction,United States,1,0.220,0.230,
04/18/2016 15:30:00,6-Month Bill Auction,United States,1,0.350,0.350,
04/18/2016 23:00:00,Federal Reserve Bank of Boston President Rosengren Speech,United States,1,,,
04/19/2016 14:35:00,BOE's Governor Carney speech,United Kingdom,3,,,
04/19/2016 14:52:12,GDT Price Index,New Zealand,1,3.800,2.100,
04/19/2016 15:30:00,4-Week Bill Auction,United States,1,0.175,0.200,
04/20/2016 08:30:00,Claimant Count Rate,United Kingdom,1,2.100,2.100,
04/20/2016 08:30:00,Average Earnings including Bonus (3Mo/Yr),United Kingdom,1,1.800,2.100,2.300
04/20/2016 08:30:00,Average Earnings excluding Bonus (3Mo/Yr),United Kingdom,1,2.200,2.200,2.200
04/20/2016 08:30:00,ILO Unemployment Rate (3M),United Kingdom,1,5.100,5.100,5.100
04/20/2016 08:30:00,Claimant Count Change,United Kingdom,1,6.700,-18.000,-10.000
04/20/2016 10:00:00,ECB President Draghi's Speech,European Monetary Union,3,,,
04/20/2016 10:03:49,10-y Bond Auction,Germany,2,0.150,0.300,
04/21/2016 11:45:00,ECB deposit rate decision,European Monetary Union,2,-0.400,-0.400,-0.400
04/21/2016 12:30:00,Initial Jobless Claims,United States,2,247.000,253.000,263.000
04/21/2016 12:30:00,Continuing Jobless Claims,United States,2,2.137,2.171,2.171
04/21/2016 12:30:00,ECB Monetary policy statement and press conference,European Monetary Union,3,,,
04/21/2016 14:00:00,BOE's Governor Carney speech,United Kingdom,3,,,
04/22/2016 00:00:00,EcoFin Meeting,European Monetary Union,2,,,
04/22/2016 12:00:00,Eurogroup meeting,European Monetary Union,2,,,
04/22/2016 12:00:00,EcoFin Meeting,European Monetary Union,2,,,
04/25/2016 15:30:00,3-Month Bill Auction,United States,1,0.250,0.220,
04/25/2016 15:30:00,6-Month Bill Auction,United States,1,0.400,0.350,
04/25/2016 17:00:00,2-Year Note Auction,United States,1,0.842,0.752,
04/26/2016 15:30:00,52-Week Bill auction,United States,1,0.605,0.660,
04/26/2016 15:30:00,4-Week Bill Auction,United States,1,0.190,0.175,
04/26/2016 17:00:00,5-Year Note Auction,United States,1,1.410,1.335,
04/26/2016 17:00:00,MPC Member Cunliffe Speech,United Kingdom,1,,,
04/27/2016 11:02:18,30-y Bond Auction,Germany,1,1.030,0.940,
04/27/2016 18:00:00,Fed's Monetary Policy Statement,United States,3,,,
"04/27/2016 21:00:00,""Monetary Policy Statement "",New Zealand,3,,,"
04/28/2016 07:55:00,Unemployment Change,Germany,2,-16.000,0.000,0.000
04/28/2016 07:55:00,Unemployment Rate s.a.,Germany,2,6.200,6.200,6.200
04/28/2016 10:50:54,5-y Bond Auction,Italy,1,0.490,0.340,
04/28/2016 10:50:57,10-y Bond Auction,Italy,1,1.510,1.240,
04/28/2016 12:30:00,Continuing Jobless Claims,United States,2,2.130,2.137,
04/28/2016 12:30:00,Initial Jobless Claims,United States,2,257.000,247.000,252.000
04/28/2016 17:00:00,7-Year Note Auction,United States,1,1.634,1.606,
04/29/2016 08:00:00,Unemployment,Italy,2,11.400,11.700,
04/29/2016 08:00:00,SNB Chairman Jordan Speech,Switzerland,2,,,
04/29/2016 09:00:00,Unemployment Rate,European Monetary Union,2,10.200,10.300,10.300
04/29/2016 12:00:00,MPC Member Cunliffe Speech,United Kingdom,1,,,
04/29/2016 12:30:00,Employment cost index,United States,1,0.600,0.600,0.600
05/01/2016 23:15:00,Fed's William Dudley speech,United States,1,,,
05/02/2016 09:30:00,German Buba President Weidmann speech,Germany,2,,,
05/02/2016 12:50:00,Fed's Lockhart speech,United States,1,,,
05/02/2016 14:00:00,ECB President Draghi's Speech,European Monetary Union,3,,,
05/02/2016 15:30:00,3-Month Bill Auction,United States,1,0.220,0.250,
05/02/2016 15:30:00,6-Month Bill Auction,United States,1,0.395,0.400,
05/02/2016 16:30:00,SNB Chairman Jordan Speech,Switzerland,2,,,
05/02/2016 19:00:00,Loan Officer Survey,United States,1,,,
05/02/2016 21:30:00,FOMC Member Williams speech,United States,1,,,
05/03/2016 14:29:22,GDT Price Index,New Zealand,1,-1.400,3.800,
05/03/2016 14:30:00,FOMC Member Mester speech,United States,1,,,
05/03/2016 15:30:00,4-Week Bill Auction,United States,1,0.170,0.190,
05/03/2016 22:45:00,Participation Rate,New Zealand,2,69.000,68.400,68.600
05/03/2016 22:45:00,Unemployment Rate,New Zealand,2,5.700,5.300,5.500
05/03/2016 22:45:00,Employment Change,New Zealand,2,1.200,0.900,0.700
05/03/2016 22:45:00,Labour cost index (YoY),New Zealand,1,1.800,1.600,1.600
05/03/2016 22:45:00,Labour cost index (QoQ),New Zealand,1,0.400,0.400,0.300
05/03/2016 23:00:00,Fed's Lockhart speech,United States,1,,,
05/04/2016 07:00:00,Non-monetary policy's ECB meeting,European Monetary Union,3,,,
05/04/2016 09:00:00,10-y Bond Auction,France,1,0.570,0.430,
05/04/2016 10:15:00,German Buba President Weidmann speech,Germany,2,,,
05/04/2016 12:15:00,ADP Employment Change,United States,2,156.000,200.000,196.000
05/04/2016 12:30:00,Unit Labor Costs,United States,1,4.100,3.300,3.300
05/05/2016 08:00:00,Economic Bulletin,European Monetary Union,2,,,
05/05/2016 09:39:23,10-y Bond Auction,United Kingdom,1,1.660,1.510,
05/05/2016 11:30:00,Challenger Job Cuts (YoY),United States,1,65.141,48.207,
05/05/2016 12:30:00,Initial Jobless Claims,United States,2,274.000,257.000,260.000
05/05/2016 12:30:00,Continuing Jobless Claims,United States,1,2.121,2.130,2.133
05/05/2016 15:30:00,Fed's Bullard speech,United States,1,,,
05/05/2016 23:15:00,FOMC Member Williams speech,United States,1,,,
05/05/2016 23:15:00,Fed's Lockhart speech,United States,1,,,
05/05/2016 23:15:00,Fed's Bullard speech,United States,1,,,
05/06/2016 07:00:00,Foreign Currency Reserves,Switzerland,1,588.000,576.000,
05/06/2016 12:30:00,Average Hourly Earnings (YoY),United States,1,2.500,2.300,
05/06/2016 12:30:00,Nonfarm Payrolls,United States,3,160.000,215.000,200.000
05/06/2016 12:30:00,Average Weekly Hours,United States,2,34.500,34.400,34.500
05/06/2016 12:30:00,Labor Force Participation Rate,United States,2,62.800,63.000,
05/06/2016 12:30:00,Average Hourly Earnings (MoM),United States,1,0.300,0.300,0.300
05/06/2016 12:30:00,Unemployment Rate,United States,3,5.000,5.000,5.000
05/09/2016 09:10:00,Fed's Evans Speech,United States,1,,,
05/09/2016 12:00:00,Eurogroup meeting,European Monetary Union,2,,,
05/09/2016 14:00:00,Labor Market Conditions Index,United States,2,-0.900,-2.100,
05/09/2016 15:30:00,3-Month Bill Auction,United States,1,0.240,0.220,
05/09/2016 15:30:00,6-Month Bill Auction,United States,1,0.380,0.395,
05/10/2016 05:45:00,Unemployment Rate s.a (MoM),Switzerland,2,3.500,3.500,
05/10/2016 06:45:00,Individual Investment (Current Year),France,1,7.000,7.000,
05/10/2016 07:15:00,Fed's William Dudley speech,United States,1,,,
05/10/2016 14:00:00,JOLTS Job Openings,United States,1,5.757,5.445,5.431
05/10/2016 15:30:00,4-Week Bill Auction,United States,1,0.245,0.170,
05/10/2016 17:00:00,3-Year Note Auction,United States,1,0.875,0.890,
05/10/2016 20:00:00,RBNZ Financial Stability Report,New Zealand,2,,,
05/10/2016 21:00:00,RBNZ Governor Wheeler Speech,New Zealand,2,,,
05/11/2016 01:10:00,RBNZ Governor Wheeler Speech,New Zealand,2,,,
05/11/2016 17:00:00,10-Year Note Auction,United States,2,1.710,1.765,
05/12/2016 11:00:00,BoE Asset Purchase Facility,United Kingdom,3,375.000,375.000,375.000
05/12/2016 11:00:00,Monetary Policy Summary,United Kingdom,3,,,
05/12/2016 11:00:00,Bank of England Quarterly Inflation Report,United Kingdom,2,,,
05/12/2016 11:00:00,BOE MPC Vote Unchanged,United Kingdom,3,9.000,9.000,9.000
05/12/2016 11:00:00,BOE MPC Vote Cut,United Kingdom,3,0.000,0.000,0.000
05/12/2016 11:00:00,BOE MPC Vote Hike,United Kingdom,3,0.000,0.000,0.000
05/12/2016 11:00:00,Bank of England Minutes,United Kingdom,3,,,
05/12/2016 11:45:00,BOE's Governor Carney speech,United Kingdom,3,,,
05/12/2016 12:30:00,Continuing Jobless Claims,United States,1,2.161,2.121,2.120
05/12/2016 12:30:00,Initial Jobless Claims,United States,2,294.000,274.000,270.000
05/12/2016 15:45:00,Federal Reserve Bank of Boston President Rosengren Speech,United States,1,,,
05/12/2016 17:00:00,30-Year Bond Auction,United States,1,2.615,2.596,
05/12/2016 17:30:00,Fed's George Speech,United States,1,,,
05/13/2016 06:45:00,Nonfarm Payrolls (QoQ),France,1,0.200,0.200,
05/13/2016 09:00:00,MPC Member Haldane Speech,United Kingdom,1,,,
05/13/2016 12:30:00,MPC Member Weale Speech,United Kingdom,1,,,
05/13/2016 23:00:00,FOMC Member Williams speech,United States,1,,,
05/16/2016 15:30:00,3-Month Bill Auction,United States,1,0.275,0.240,
05/16/2016 15:30:00,6-Month Bill Auction,United States,1,0.370,0.380,
05/17/2016 03:00:00,RBNZ Inflation Expectations (YoY),New Zealand,2,1.600,1.600,
05/17/2016 07:45:00,ECB's Praet Speech,European Monetary Union,1,,,
05/17/2016 10:00:00,German Buba Monthly Report,Germany,1,,,
05/17/2016 14:39:49,GDT Price Index,New Zealand,1,2.600,-1.400,
05/17/2016 15:30:00,4-Week Bill Auction,United States,1,0.240,0.245,
05/17/2016 16:00:00,FOMC Member Williams speech,United States,1,,,
05/17/2016 16:00:00,Fed's Lockhart speech,United States,1,,,
05/18/2016 00:00:00,RBNZ Governor Wheeler Speech,New Zealand,2,,,
05/18/2016 07:00:00,Non-monetary policy's ECB meeting,European Monetary Union,3,,,
05/18/2016 08:30:00,Claimant Count Rate,United Kingdom,1,2.100,2.100,
05/18/2016 08:30:00,ILO Unemployment Rate (3M),United Kingdom,1,5.100,5.100,5.100
05/18/2016 08:30:00,Average Earnings including Bonus (3Mo/Yr),United Kingdom,1,2.000,1.800,1.700
05/18/2016 08:30:00,Average Earnings excluding Bonus (3Mo/Yr),United Kingdom,1,2.100,2.200,2.300
05/18/2016 08:30:00,Claimant Count Change,United Kingdom,1,-2.400,6.700,4.000
05/18/2016 09:30:00,10-y Bond Auction,Germany,2,0.140,0.150,
05/18/2016 18:00:00,FOMC Minutes,United States,3,,,
05/18/2016 19:00:00,MPC Member Haldane Speech,United Kingdom,0,,,
05/19/2016 05:30:00,ILO Unemployment,France,1,10.200,10.300,
05/19/2016 11:30:00,ECB Monetary Policy Meeting Accounts,European Monetary Union,3,,,
05/19/2016 12:30:00,Continuing Jobless Claims,United States,1,2.152,2.161,
05/19/2016 12:30:00,Initial Jobless Claims,United States,2,278.000,294.000,275.000
05/19/2016 13:15:00,Fed's Stanley Fischer speech,United States,2,,,
05/19/2016 14:30:00,Fed's William Dudley speech,United States,1,,,
05/20/2016 00:00:00,G7 Meeting,European Monetary Union,3,,,
05/20/2016 13:00:00,Fed's Tarullo speech,United States,1,,,
05/21/2016 00:00:00,G7 Meeting,European Monetary Union,3,,,
05/23/2016 10:15:00,Fed's Bullard speech,United States,1,,,
05/23/2016 12:00:00,FOMC Member Williams speech,United States,1,,,
05/23/2016 15:30:00,3-Month Bill Auction,United States,1,0.350,0.275,
05/23/2016 15:30:00,6-Month Bill Auction,United States,1,0.480,0.370,
05/23/2016 22:30:00,FOMC Member Harker Speech,United States,1,,,
05/24/2016 07:00:00,ECB's Praet Speech,European Monetary Union,1,,,
05/24/2016 12:00:00,Eurogroup meeting,European Monetary Union,2,,,
05/24/2016 12:00:00,EU Financial Stability Review,European Monetary Union,2,,,
05/24/2016 15:30:00,52-Week Bill auction,United States,1,0.685,0.605,
05/24/2016 15:30:00,4-Week Bill Auction,United States,1,0.265,0.240,
05/24/2016 17:00:00,2-Year Note Auction,United States,1,0.920,0.842,
05/25/2016 10:25:34,30-y Bond Auction,Germany,1,0.880,1.030,
05/25/2016 10:30:00,ECB Vice President Vitor Constancio speech,European Monetary Union,1,,,
05/25/2016 12:00:00,EcoFin Meeting,European Monetary Union,2,,,
05/25/2016 13:00:00,FOMC Member Harker Speech,United States,1,,,
05/25/2016 17:00:00,5-Year Note Auction,United States,1,1.395,1.410,
05/26/2016 00:00:00,G7 Meeting,European Monetary Union,3,,,
05/26/2016 10:10:00,Fed's Bullard speech,United States,1,,,
05/26/2016 12:30:00,Initial Jobless Claims,United States,2,268.000,278.000,275.000
05/26/2016 12:30:00,Continuing Jobless Claims,United States,1,2.163,2.152,2.146
05/26/2016 16:00:00,FOMC Member Powell Speech,United States,1,,,
05/26/2016 17:00:00,7-Year Note Auction,United States,1,1.652,1.634,
05/27/2016 00:00:00,G7 Meeting,European Monetary Union,3,,,
05/27/2016 07:15:00,Employment Level (QoQ),Switzerland,1,4.878,4.897,
05/27/2016 17:15:00,Fed's Yellen Speech,United States,2,,,
05/30/2016 00:20:00,Fed's Bullard speech,United States,1,,,
05/30/2016 09:00:00,5-y Bond Auction,Italy,1,0.400,0.490,
05/30/2016 10:18:32,10-y Bond Auction,Italy,1,1.420,1.510,
05/31/2016 07:55:00,Unemployment Change,Germany,2,-11.000,-16.000,-5.000
05/31/2016 07:55:00,Unemployment Rate s.a.,Germany,2,6.100,6.200,6.200
05/31/2016 08:00:00,Unemployment,Italy,2,11.700,11.400,
05/31/2016 09:00:00,Unemployment Rate,European Monetary Union,2,10.200,10.200,10.200
05/31/2016 15:30:00,4-Week Bill Auction,United States,1,0.265,0.265,
05/31/2016 15:30:00,3-Month Bill Auction,United States,1,0.340,0.350,
05/31/2016 15:30:00,6-Month Bill Auction,United States,1,0.475,0.480,
06/01/2016 15:06:35,GDT Price Index,New Zealand,1,3.400,2.600,
06/01/2016 18:00:00,Fed's Beige Book,United States,2,,,
06/02/2016 00:00:00,OPEC meeting,United States,1,,,
06/02/2016 09:04:26,10-y Bond Auction,France,1,0.490,0.570,
06/02/2016 11:30:00,Challenger Job Cuts (YoY),United States,1,30.157,65.141,
06/02/2016 11:45:00,ECB deposit rate decision,European Monetary Union,3,-0.400,-0.400,-0.400
06/02/2016 12:15:00,ADP Employment Change,United States,2,173.000,156.000,175.000
06/02/2016 12:30:00,Continuing Jobless Claims,United States,1,2.170,2.163,2.150
06/02/2016 12:30:00,Initial Jobless Claims,United States,2,267.000,268.000,270.000
06/02/2016 12:30:00,ECB Monetary policy statement and press conference,European Monetary Union,3,,,
06/02/2016 12:35:00,FOMC Member Powell Speech,United States,1,,,
06/02/2016 13:00:00,BOE's Governor Carney speech,United Kingdom,3,,,
06/03/2016 12:30:00,Average Hourly Earnings (YoY),United States,1,2.500,2.500,
06/03/2016 12:30:00,Nonfarm Payrolls,United States,3,38.000,160.000,164.000
06/03/2016 12:30:00,Unemployment Rate,United States,3,4.700,5.000,4.900
06/03/2016 12:30:00,Average Weekly Hours,United States,1,34.400,34.500,34.500
06/03/2016 12:30:00,Average Hourly Earnings (MoM),United States,1,0.200,0.300,0.200
06/03/2016 12:30:00,Labor Force Participation Rate,United States,2,62.600,62.800,
06/03/2016 16:30:00,FOMC Member Brainard Speech,United States,1,,,
06/06/2016 14:00:00,Labor Market Conditions Index,United States,2,-4.800,-0.900,
06/06/2016 15:30:00,3-Month Bill Auction,United States,1,0.285,0.340,
06/06/2016 15:30:00,6-Month Bill Auction,United States,1,0.430,0.475,
06/06/2016 16:30:00,Fed's Yellen Speech,United States,2,,,
06/07/2016 07:00:00,Foreign Currency Reserves,Switzerland,1,602.000,588.000,
06/07/2016 10:10:55,30-y Bond Auction,United Kingdom,1,2.100,2.350,
06/07/2016 12:30:00,Unit Labor Costs,United States,2,4.500,4.100,4.000
06/07/2016 15:30:00,4-Week Bill Auction,United States,1,0.190,0.265,
06/07/2016 17:00:00,3-Year Note Auction,United States,1,0.930,0.875,
06/08/2016 14:00:00,JOLTS Job Openings,United States,1,5.788,5.757,5.672
06/08/2016 17:00:00,10-Year Note Auction,United States,2,1.702,1.710,
"06/08/2016 21:00:00,""Monetary Policy Statement "",New Zealand,3,,,"
06/08/2016 21:00:00,RBNZ Press Conference,New Zealand,3,,,
06/09/2016 05:30:00,Nonfarm Payrolls (QoQ),France,1,0.300,0.200,0.200
06/09/2016 05:45:00,Unemployment Rate s.a (MoM),Switzerland,3,3.500,3.500,3.500
06/09/2016 07:00:00,ECB President Draghi's Speech,European Monetary Union,3,,,
06/09/2016 12:30:00,Initial Jobless Claims,United States,2,264.000,267.000,270.000
06/09/2016 12:30:00,Continuing Jobless Claims,United States,1,2.095,2.170,2.171
06/09/2016 17:00:00,30-Year Bond Auction,United States,1,2.475,2.615,
06/10/2016 07:00:00,German Buba President Weidmann speech,Germany,2,,,
06/13/2016 07:00:00,German Buba President Weidmann speech,Germany,2,,,
06/13/2016 15:30:00,3-Month Bill Auction,United States,1,0.270,0.285,
06/13/2016 15:30:00,6-Month Bill Auction,United States,1,0.400,0.430,
06/14/2016 09:00:00,Employment Change (QoQ),European Monetary Union,1,0.300,0.300,
06/14/2016 09:00:00,Employment Change (YoY),European Monetary Union,1,1.400,1.200,
06/14/2016 15:30:00,4-Week Bill Auction,United States,1,0.240,0.190,
06/15/2016 08:30:00,Claimant Count Rate,United Kingdom,1,2.200,2.100,
06/15/2016 08:30:00,Claimant Count Change,United Kingdom,1,-0.400,-2.400,0.000
06/15/2016 08:30:00,ILO Unemployment Rate (3M),United Kingdom,1,5.000,5.100,5.100
06/15/2016 08:30:00,Average Earnings including Bonus (3Mo/Yr),United Kingdom,1,2.000,2.000,1.700
06/15/2016 08:30:00,Average Earnings excluding Bonus (3Mo/Yr),United Kingdom,1,2.300,2.100,2.100
06/15/2016 12:28:10,10-y Bond Auction,Germany,2,0.010,0.140,
06/15/2016 14:00:00,German Buba President Weidmann speech,Germany,2,,,
06/15/2016 14:28:17,GDT Price Index,New Zealand,1,0.000,3.400,
06/15/2016 18:00:00,FOMC Economic Projections,United States,3,,,
06/15/2016 18:00:00,Fed's Monetary Policy Statement,United States,3,,,
06/15/2016 18:30:00,FOMC Press conference,United States,3,,,
06/16/2016 04:30:00,SNB Financial Stability Report,Switzerland,2,,,
06/16/2016 07:30:00,SNB press conference,Switzerland,3,,,
06/16/2016 08:00:00,Economic Bulletin,European Monetary Union,2,,,
06/16/2016 11:00:00,BoE Asset Purchase Facility,United Kingdom,3,375.000,375.000,375.000
06/16/2016 11:00:00,Monetary Policy Summary,United Kingdom,3,,,
06/16/2016 11:00:00,BOE MPC Vote Cut,United Kingdom,3,0.000,0.000,0.000
06/16/2016 11:00:00,BOE MPC Vote Hike,United Kingdom,3,0.000,0.000,0.000
06/16/2016 11:00:00,Bank of England Minutes,United Kingdom,3,,,
06/16/2016 11:00:00,BOE MPC Vote Unchanged,United Kingdom,3,9.000,9.000,9.000
06/16/2016 12:00:00,Eurogroup meeting,European Monetary Union,2,,,
06/16/2016 12:30:00,Continuing Jobless Claims,United States,1,2.157,2.095,2.120
06/16/2016 12:30:00,Initial Jobless Claims,United States,2,277.000,264.000,270.000
06/16/2016 20:00:00,BOE's Governor Carney speech,United Kingdom,3,,,
06/17/2016 09:00:00,Labour cost,European Monetary Union,2,1.700,1.300,
06/17/2016 12:00:00,EcoFin Meeting,European Monetary Union,2,,,
06/17/2016 15:00:00,ECB President Draghi's Speech,European Monetary Union,3,,,
06/20/2016 10:00:00,German Buba Monthly Report,Germany,1,,,
06/20/2016 15:30:00,3-Month Bill Auction,United States,1,0.270,0.270,
06/20/2016 15:30:00,6-Month Bill Auction,United States,1,0.400,0.400,
06/20/2016 17:00:00,2-Year Note Auction,United States,1,0.745,0.920,
06/21/2016 08:00:00,German Constitutional Court Ruling,Germany,2,,,
06/21/2016 13:00:00,ECB President Draghi's Speech,European Monetary Union,3,,,
06/21/2016 14:00:00,Fed's Yellen testifies,United States,3,,,
06/21/2016 15:30:00,52-Week Bill auction,United States,1,0.560,0.685,
06/21/2016 15:30:00,4-Week Bill Auction,United States,1,0.250,0.240,
06/21/2016 17:00:00,5-Year Note Auction,United States,1,1.218,1.395,
06/21/2016 18:30:00,FOMC Member Powell Speech,United States,1,,,
06/22/2016 07:00:00,Non-monetary policy's ECB meeting,European Monetary Union,3,,,
06/22/2016 10:35:56,30-y Bond Auction,Germany,1,0.650,0.880,
06/22/2016 13:00:00,SNB Quarterly Bulletin,Switzerland,2,,,
06/22/2016 14:00:00,Fed's Yellen testifies,United States,3,,,
06/23/2016 11:13:41,Targeted LTRO,European Monetary Union,3,6.700,7.300,
06/23/2016 12:00:00,EU referendum,United Kingdom,3,,,
06/23/2016 12:30:00,Initial Jobless Claims,United States,2,259.000,277.000,270.000
06/23/2016 12:30:00,Continuing Jobless Claims,United States,1,2.142,2.157,2.150
06/24/2016 07:45:00,BOE's Governor Carney speech,United Kingdom,3,,,
06/24/2016 09:30:00,Targeted LTRO,European Monetary Union,3,399.300,6.700,
06/27/2016 15:30:00,3-Month Bill Auction,United States,1,0.260,0.270,
06/27/2016 15:30:00,6-Month Bill Auction,United States,1,0.340,0.400,
06/28/2016 00:00:00,EU leaders summit,European Monetary Union,3,,,
06/28/2016 08:00:00,ECB President Draghi's Speech,European Monetary Union,3,,,
06/28/2016 08:00:00,EU Parliament to Vote on Resolution on U.K. Referendum,European Monetary Union,3,,,
06/28/2016 15:30:00,4-Week Bill Auction,United States,1,0.260,0.250,
06/28/2016 16:00:00,SNB Gov Board Member Zurbrugg Speech,Switzerland,1,,,
06/28/2016 23:00:00,FOMC Member Powell Speech,United States,1,,,
06/29/2016 12:00:00,EU leaders summit,European Monetary Union,3,,,
06/29/2016 17:00:00,7-Year Note Auction,United States,1,1.497,1.652,
06/29/2016 20:30:00,Bank Stress Test Info,United States,3,,,
06/30/2016 07:55:00,Unemployment Change,Germany,2,-6.000,-11.000,-5.000
06/30/2016 07:55:00,Unemployment Rate s.a.,Germany,2,6.100,6.100,6.100
06/30/2016 10:40:45,5-y Bond Auction,Italy,1,0.330,0.400,
06/30/2016 10:40:50,10-y Bond Auction,Italy,1,1.350,1.420,
06/30/2016 12:30:00,Continuing Jobless Claims,United States,1,2.120,2.142,2.150
06/30/2016 12:30:00,Initial Jobless Claims,United States,2,268.000,259.000,267.000
06/30/2016 15:00:00,BOE's Governor Carney speech,United Kingdom,3,,,
06/30/2016 17:30:00,Fed's Bullard speech,United States,1,,,
07/01/2016 08:00:00,Unemployment,Italy,2,11.500,11.700,11.600
07/01/2016 09:00:00,Unemployment Rate,European Monetary Union,2,10.100,10.200,10.100
07/03/2016 09:10:00,ECB Cœuré Speech,European Monetary Union,2,,,
07/05/2016 09:30:00,Financial Stability Report,United Kingdom,2,,,
07/05/2016 10:00:00,BOE's Governor Carney speech,United Kingdom,3,,,
07/05/2016 14:30:51,GDT Price Index,New Zealand,1,-0.400,0.000,
07/05/2016 15:30:00,3-Month Bill Auction,United States,1,0.270,0.260,
07/05/2016 15:30:00,6-Month Bill Auction,United States,1,0.340,0.340,
07/05/2016 17:00:00,4-Week Bill Auction,United States,1,0.275,0.260,
07/05/2016 18:30:00,Fed's William Dudley speech,United States,1,,,
07/06/2016 07:00:00,ECB President Draghi's Speech,European Monetary Union,3,,,
07/06/2016 07:00:00,Non-monetary policy's ECB meeting,European Monetary Union,3,,,
07/06/2016 13:00:00,Fed's Tarullo speech,United States,1,,,
07/06/2016 18:00:00,FOMC Minutes,United States,3,,,
07/07/2016 07:00:00,Foreign Currency Reserves,Switzerland,1,609.000,602.000,
07/07/2016 09:19:19,10-y Bond Auction,France,1,0.730,0.490,
07/07/2016 10:03:12,10-y Bond Auction,United Kingdom,1,0.910,1.660,
07/07/2016 11:30:00,Challenger Job Cuts (YoY),United States,1,38.536,30.157,
07/07/2016 11:30:00,ECB Monetary Policy Meeting Accounts,European Monetary Union,3,,,
07/07/2016 12:15:00,ADP Employment Change,United States,2,172.000,173.000,159.000
07/07/2016 12:30:00,Continuing Jobless Claims,United States,1,2.124,2.120,2.113
07/07/2016 12:30:00,Initial Jobless Claims,United States,2,254.000,268.000,270.000
07/08/2016 05:45:00,Unemployment Rate s.a (MoM),Switzerland,1,3.300,3.500,3.500
07/08/2016 12:30:00,Unemployment Rate,United States,3,4.900,4.700,4.800
07/08/2016 12:30:00,Labor Force Participation Rate,United States,2,62.700,62.600,
07/08/2016 12:30:00,Average Hourly Earnings (MoM),United States,1,0.100,0.200,0.200
07/08/2016 12:30:00,Average Weekly Hours,United States,2,34.400,34.400,34.400
07/08/2016 12:30:00,Average Hourly Earnings (YoY),United States,1,2.600,2.500,
07/08/2016 12:30:00,Nonfarm Payrolls,United States,3,287.000,38.000,175.000
07/11/2016 11:00:00,Eurogroup meeting,European Monetary Union,2,,,
07/11/2016 14:00:00,Labor Market Conditions Index,United States,2,-1.900,-4.800,
07/11/2016 14:00:00,Fed's George Speech,United States,1,,,
07/11/2016 15:30:00,3-Month Bill Auction,United States,1,0.310,0.270,
07/11/2016 15:30:00,6-Month Bill Auction,United States,1,0.390,0.340,
07/11/2016 17:00:00,3-Year Note Auction,United States,1,0.765,0.930,
07/12/2016 01:30:00,FOMC Member Mester speech,United States,1,,,
07/12/2016 09:00:00,BOE's Governor Carney speech,United Kingdom,3,,,
07/12/2016 11:00:00,BoE Quarterly Bulletin,United Kingdom,1,,,
07/12/2016 12:00:00,EcoFin Meeting,European Monetary Union,2,,,
07/12/2016 13:15:00,Fed's Tarullo speech,United States,1,,,
07/12/2016 13:35:00,Fed's Bullard speech,United States,1,,,
07/12/2016 14:00:00,JOLTS Job Openings,United States,1,5.500,5.788,5.700
07/12/2016 15:30:00,4-Week Bill Auction,United States,1,0.290,0.275,
07/12/2016 17:00:00,10-Year Note Auction,United States,2,1.516,1.702,
07/13/2016 08:30:00,BOE Credit Conditions Survey,United Kingdom,1,,,
07/13/2016 09:40:25,10-y Bond Auction,Germany,2,-0.050,0.010,
07/13/2016 10:00:00,FOMC Member Harker Speech,United States,1,,,
07/13/2016 17:00:00,30-Year Bond Auction,United States,1,2.172,2.475,
07/13/2016 18:00:00,Fed's Beige Book,United States,2,,,
07/14/2016 11:00:00,BoE Asset Purchase Facility,United Kingdom,3,375.000,375.000,375.000
07/14/2016 11:00:00,Monetary Policy Summary,United Kingdom,3,,,
07/14/2016 11:00:00,BOE MPC Vote Cut,United Kingdom,3,1.000,0.000,9.000
07/14/2016 11:00:00,Bank of England Minutes,United Kingdom,3,,,
07/14/2016 11:00:00,BOE MPC Vote Hike,United Kingdom,3,0.000,0.000,0.000
07/14/2016 11:00:00,BOE MPC Vote Unchanged,United Kingdom,3,8.000,9.000,0.000
07/14/2016 12:30:00,Continuing Jobless Claims,United States,1,2.149,2.124,2.128
07/14/2016 12:30:00,Initial Jobless Claims,United States,2,254.000,254.000,265.000
07/14/2016 15:15:00,Fed's Lockhart speech,United States,1,,,
07/15/2016 12:00:00,BOE's Governor Carney speech,United Kingdom,2,,,
07/18/2016 08:15:00,MPC Member Weale Speech,United Kingdom,1,,,
07/18/2016 10:00:00,German Buba Monthly Report,Germany,1,,,
07/18/2016 15:30:00,3-Month Bill Auction,United States,1,0.320,0.310,
07/18/2016 15:30:00,6-Month Bill Auction,United States,1,0.430,0.390,
07/19/2016 14:05:00,MPC Member Broadbent Speech,United Kingdom,1,,,
07/19/2016 14:38:29,GDT Price Index,New Zealand,1,0.000,-0.400,
07/19/2016 15:30:00,52-Week Bill auction,United States,1,0.550,0.560,
07/19/2016 15:30:00,4-Week Bill Auction,United States,1,0.275,0.290,
07/20/2016 08:30:00,Claimant Count Rate,United Kingdom,2,2.200,2.200,
07/20/2016 08:30:00,Average Earnings excluding Bonus (3Mo/Yr),United Kingdom,2,2.200,2.300,2.300
07/20/2016 08:30:00,Average Earnings including Bonus (3Mo/Yr),United Kingdom,2,2.300,2.000,2.300
07/20/2016 08:30:00,ILO Unemployment Rate (3M),United Kingdom,2,4.900,5.000,5.000
07/20/2016 08:30:00,Claimant Count Change,United Kingdom,2,0.400,-0.400,3.500
07/20/2016 21:00:00,RBNZ Economic assessment,New Zealand,0,,,
07/21/2016 11:45:00,ECB deposit rate decision,European Monetary Union,3,-0.400,-0.400,-0.400
07/21/2016 12:30:00,Initial Jobless Claims,United States,2,253.000,254.000,265.000
07/21/2016 12:30:00,Continuing Jobless Claims,United States,1,2.128,2.149,2.145
07/21/2016 12:30:00,ECB Monetary policy statement and press conference,European Monetary Union,3,,,
07/23/2016 00:00:00,G20 Meeting,European Monetary Union,2,,,
07/24/2016 00:00:00,G20 Meeting,European Monetary Union,2,,,
07/25/2016 07:30:00,RBNZ Governor Wheeler Speech,New Zealand,2,,,
07/25/2016 15:30:00,3-Month Bill Auction,United States,1,0.320,0.320,
07/25/2016 15:30:00,6-Month Bill Auction,United States,1,0.425,0.430,
07/25/2016 17:00:00,2-Year Note Auction,United States,1,0.760,0.745,
07/26/2016 15:30:00,4-Week Bill Auction,United States,1,0.270,0.275,
07/26/2016 17:00:00,5-Year Note Auction,United States,1,1.180,1.218,
07/27/2016 09:50:00,30-y Bond Auction,Germany,1,0.450,0.650,
07/27/2016 18:00:00,Fed's Monetary Policy Statement,United States,3,,,
07/28/2016 07:55:00,Unemployment Change,Germany,2,-7.000,-6.000,-3.000
07/28/2016 07:55:00,Unemployment Rate s.a.,Germany,2,6.100,6.100,6.100
07/28/2016 10:56:37,5-y Bond Auction,Italy,1,0.260,0.330,
07/28/2016 10:56:41,10-y Bond Auction,Italy,1,1.240,1.350,
07/28/2016 12:30:00,Continuing Jobless Claims,United States,2,2.139,2.128,2.130
07/28/2016 12:30:00,Initial Jobless Claims,United States,2,266.000,253.000,260.000
07/28/2016 17:00:00,7-Year Note Auction,United States,1,1.340,1.497,
07/29/2016 08:00:00,Unemployment,Italy,2,11.600,11.500,11.400
07/29/2016 09:00:00,Unemployment Rate,European Monetary Union,2,10.100,10.100,10.100
07/29/2016 12:30:00,Employment cost index,United States,1,0.600,0.600,0.600
07/29/2016 13:30:00,FOMC Member Williams speech,United States,1,,,
07/29/2016 20:00:00,Bank Stress Test Info,European Monetary Union,3,,,
08/01/2016 01:15:00,Fed's William Dudley speech,United States,1,,,
08/01/2016 15:30:00,3-Month Bill Auction,United States,1,0.285,0.320,
08/01/2016 15:30:00,6-Month Bill Auction,United States,1,0.395,0.425,
08/01/2016 19:00:00,Loan Officer Survey,United States,1,,,
08/02/2016 03:00:00,RBNZ Inflation Expectations (YoY),New Zealand,1,1.700,1.600,
08/02/2016 15:29:44,GDT Price Index,New Zealand,1,6.600,0.000,
08/02/2016 15:30:00,4-Week Bill Auction,United States,1,0.260,0.270,
08/02/2016 22:45:00,Labour cost index (QoQ),New Zealand,1,0.400,0.400,0.500
08/02/2016 22:45:00,Labour cost index (YoY),New Zealand,1,1.600,1.800,1.800
08/03/2016 07:00:00,Non-monetary policy's ECB meeting,European Monetary Union,3,,,
08/03/2016 12:15:00,ADP Employment Change,United States,2,179.000,172.000,170.000
08/04/2016 08:00:00,Economic Bulletin,European Monetary Union,2,,,
08/04/2016 09:11:21,10-y Bond Auction,France,1,0.190,0.730,
08/04/2016 11:00:00,BoE Asset Purchase Facility,United Kingdom,3,435.000,375.000,375.000
08/04/2016 11:00:00,Monetary Policy Summary,United Kingdom,3,,,
08/04/2016 11:00:00,Bank of England Quarterly Inflation Report,United Kingdom,2,,,
08/04/2016 11:00:00,BOE MPC Vote Unchanged,United Kingdom,3,0.000,8.000,1.000
08/04/2016 11:00:00,BOE MPC Vote Cut,United Kingdom,3,9.000,1.000,8.000
08/04/2016 11:00:00,Bank of England Minutes,United Kingdom,3,,,
08/04/2016 11:00:00,BOE MPC Vote Hike,United Kingdom,3,0.000,0.000,0.000
08/04/2016 11:30:00,Challenger Job Cuts (YoY),United States,1,45.346,38.536,
08/04/2016 11:30:00,BOE's Governor Carney speech,United Kingdom,3,,,
08/04/2016 12:30:00,Continuing Jobless Claims,United States,1,2.138,2.139,2.130
08/04/2016 12:30:00,Initial Jobless Claims,United States,2,269.000,266.000,265.000
08/05/2016 07:00:00,Foreign Currency Reserves,Switzerland,1,615.000,609.000,
08/05/2016 12:30:00,Average Hourly Earnings (YoY),United States,1,2.600,2.600,2.600
08/05/2016 12:30:00,Nonfarm Payrolls,United States,3,255.000,287.000,180.000
08/05/2016 12:30:00,Unemployment Rate,United States,3,4.900,4.900,4.800
08/05/2016 12:30:00,Average Hourly Earnings (MoM),United States,1,0.300,0.100,0.200
08/05/2016 12:30:00,Labor Force Participation Rate,United States,2,62.800,62.700,
08/05/2016 12:30:00,Average Weekly Hours,United States,2,34.500,34.400,34.400
08/08/2016 14:00:00,Labor Market Conditions Index,United States,2,1.000,-1.900,
08/08/2016 15:30:00,3-Month Bill Auction,United States,1,0.305,0.285,
08/08/2016 15:30:00,6-Month Bill Auction,United States,1,0.440,0.395,
08/09/2016 05:45:00,Unemployment Rate s.a (MoM),Switzerland,2,3.300,3.300,3.300
08/09/2016 12:30:00,Unit Labor Costs,United States,1,2.000,4.500,1.800
08/09/2016 15:30:00,4-Week Bill Auction,United States,1,0.270,0.260,
08/09/2016 17:00:00,3-Year Note Auction,United States,1,0.850,0.765,
08/10/2016 09:30:00,10-y Bond Auction,Germany,2,-0.090,-0.050,
08/10/2016 14:00:00,JOLTS Job Openings,United States,1,5.624,5.500,5.520
08/10/2016 17:00:00,10-Year Note Auction,United States,2,1.503,1.516,
"08/10/2016 21:00:00,""Monetary Policy Statement "",New Zealand,3,,,"
08/10/2016 22:00:00,RBNZ Press Conference,New Zealand,3,,,
08/11/2016 12:30:00,Initial Jobless Claims,United States,2,266.000,269.000,265.000
08/11/2016 12:30:00,Continuing Jobless Claims,United States,1,2.155,2.138,2.140
08/11/2016 17:00:00,30-Year Bond Auction,United States,1,2.274,2.172,
08/12/2016 06:45:00,Nonfarm Payrolls (QoQ),France,1,0.200,0.300,0.200
08/15/2016 10:00:00,German Buba Monthly Report,Germany,1,,,
08/15/2016 15:30:00,3-Month Bill Auction,United States,1,0.300,0.305,
08/15/2016 15:30:00,6-Month Bill Auction,United States,1,0.445,0.440,
08/15/2016 20:30:00,RBNZ Governor Wheeler Speech,New Zealand,2,,,
08/16/2016 15:01:34,GDT Price Index,New Zealand,1,12.700,6.600,
08/16/2016 15:30:00,52-Week Bill auction,United States,1,0.570,0.550,
08/16/2016 15:30:00,4-Week Bill Auction,United States,1,0.275,0.270,
08/16/2016 16:30:00,Fed's Lockhart speech,United States,1,,,
08/16/2016 22:45:00,Participation Rate,New Zealand,2,69.700,69.000,68.800
08/16/2016 22:45:00,Employment Change,New Zealand,2,2.400,1.200,0.600
08/16/2016 22:45:00,Unemployment Rate,New Zealand,2,5.100,5.700,5.300
08/17/2016 08:30:00,Average Earnings excluding Bonus (3Mo/Yr),United Kingdom,1,2.300,2.200,2.300
08/17/2016 08:30:00,Average Earnings including Bonus (3Mo/Yr),United Kingdom,1,2.400,2.300,2.400
08/17/2016 08:30:00,ILO Unemployment Rate (3M),United Kingdom,1,4.900,4.900,4.900
08/17/2016 08:30:00,Claimant Count Change,United Kingdom,1,-8.600,0.400,9.500
08/17/2016 08:30:00,Claimant Count Rate,United Kingdom,1,2.200,2.200,2.200
08/17/2016 17:00:00,Fed's Bullard speech,United States,1,,,
08/17/2016 18:00:00,FOMC Minutes,United States,3,,,
08/18/2016 05:30:00,ILO Unemployment,France,1,9.900,10.200,
08/18/2016 11:30:00,ECB Monetary Policy Meeting Accounts,European Monetary Union,3,,,
08/18/2016 12:30:00,Continuing Jobless Claims,United States,1,2.175,2.155,2.140
08/18/2016 12:30:00,Initial Jobless Claims,United States,2,262.000,266.000,265.000
08/18/2016 14:05:00,Fed's William Dudley speech,United States,1,,,
08/18/2016 20:00:00,FOMC Member Williams speech,United States,1,,,
08/22/2016 15:30:00,3-Month Bill Auction,United States,1,0.310,0.300,
08/22/2016 15:30:00,6-Month Bill Auction,United States,1,0.450,0.445,
08/22/2016 21:00:00,RBNZ Governor Wheeler Speech,New Zealand,2,,,
08/23/2016 15:30:00,4-Week Bill Auction,United States,1,0.275,0.275,
08/23/2016 17:00:00,2-Year Note Auction,United States,1,0.760,0.760,
08/24/2016 17:00:00,5-Year Note Auction,United States,1,1.125,1.180,
08/25/2016 00:00:00,Jackson Hole Symposium,United States,3,,,
08/25/2016 06:45:00,Individual Investment (Current Year),France,1,6.000,7.000,
08/25/2016 12:30:00,Continuing Jobless Claims,United States,1,2.145,2.175,2.153
08/25/2016 12:30:00,Initial Jobless Claims,United States,2,261.000,262.000,265.000
08/25/2016 17:00:00,7-Year Note Auction,United States,1,1.423,1.340,
08/26/2016 00:00:00,Jackson Hole Symposium,United States,3,,,
08/26/2016 14:00:00,Fed's Yellen Speech,United States,3,,,
08/29/2016 15:30:00,3-Month Bill Auction,United States,1,0.335,0.310,
08/29/2016 15:30:00,6-Month Bill Auction,United States,1,0.480,0.450,
08/30/2016 07:15:00,Employment Level (QoQ),Switzerland,1,4.903,4.878,
08/30/2016 09:38:41,10-y Bond Auction,Italy,1,1.140,1.240,
08/30/2016 09:38:46,5-y Bond Auction,Italy,1,0.190,0.260,
08/30/2016 15:30:00,4-Week Bill Auction,United States,1,0.255,0.275,
08/31/2016 07:55:00,Unemployment Rate s.a.,Germany,3,6.100,6.100,6.100
08/31/2016 07:55:00,Unemployment Change,Germany,3,-7.000,-7.000,-5.000
08/31/2016 08:00:00,Unemployment,Italy,2,11.400,11.600,11.600
08/31/2016 09:00:00,Unemployment Rate,European Monetary Union,2,10.100,10.100,10.000
08/31/2016 12:15:00,ADP Employment Change,United States,2,177.000,179.000,175.000
09/01/2016 09:17:59,10-y Bond Auction,France,1,0.260,0.190,
09/01/2016 11:30:00,Challenger Job Cuts (YoY),United States,1,32.188,45.346,
09/01/2016 12:30:00,Initial Jobless Claims,United States,2,263.000,261.000,265.000
09/01/2016 12:30:00,Continuing Jobless Claims,United States,1,2.159,2.145,2.145
09/01/2016 12:30:00,Unit Labor Costs,United States,2,4.300,2.000,2.100
09/01/2016 16:25:00,FOMC Member Mester speech,United States,1,,,
09/01/2016 18:00:00,ECB's Nowotny Speech,European Monetary Union,2,,,
09/02/2016 12:30:00,Average Hourly Earnings (MoM),United States,1,0.100,0.300,0.200
09/02/2016 12:30:00,Labor Force Participation Rate,United States,2,62.800,62.800,
09/02/2016 12:30:00,Average Weekly Hours,United States,2,34.300,34.500,34.500
09/02/2016 12:30:00,Unemployment Rate,United States,3,4.900,4.900,4.800
09/02/2016 12:30:00,Nonfarm Payrolls,United States,3,151.000,255.000,180.000
09/02/2016 12:30:00,Average Hourly Earnings (YoY),United States,2,2.400,2.600,
09/02/2016 17:00:00,Fed's Lacker speech,United States,1,,,
09/04/2016 00:00:00,G20 Meeting,European Monetary Union,2,,,
09/05/2016 00:00:00,G20 Meeting,European Monetary Union,2,,,
09/06/2016 10:09:19,10-y Bond Auction,United Kingdom,1,0.690,0.910,
09/06/2016 14:00:00,Labor Market Conditions Index,United States,2,-0.700,1.000,
09/06/2016 14:46:11,GDT Price Index,New Zealand,3,7.700,12.700,
09/06/2016 15:30:00,4-Week Bill Auction,United States,1,0.250,0.255,
09/06/2016 15:30:00,3-Month Bill Auction,United States,1,0.335,0.335,
09/06/2016 15:30:00,6-Month Bill Auction,United States,1,0.470,0.480,
09/06/2016 16:15:00,SNB Chairman Jordan Speech,Switzerland,2,,,
09/07/2016 01:15:00,FOMC Member Williams speech,United States,1,,,
09/07/2016 07:00:00,Foreign Currency Reserves,Switzerland,1,627.000,615.000,
09/07/2016 09:15:00,MPC Member Cunliffe Speech,United Kingdom,1,,,
09/07/2016 09:36:37,10-y Bond Auction,Germany,2,-0.110,-0.090,
09/07/2016 14:00:00,JOLTS Job Openings,United States,1,5.871,5.624,
09/07/2016 14:00:00,Fed's George Speech,United States,1,,,
09/07/2016 18:00:00,Fed's Beige Book,United States,2,,,
09/08/2016 05:30:00,Nonfarm Payrolls (QoQ),France,1,0.200,0.200,
09/08/2016 11:45:00,ECB deposit rate decision,European Monetary Union,3,-0.400,-0.400,-0.400
09/08/2016 12:30:00,Initial Jobless Claims,United States,2,259.000,263.000,265.000
09/08/2016 12:30:00,Continuing Jobless Claims,United States,2,2.144,2.159,2.153
09/08/2016 12:30:00,ECB Monetary policy statement and press conference,European Monetary Union,3,,,
09/09/2016 00:00:00,Eurogroup meeting,European Monetary Union,2,,,
09/09/2016 05:45:00,Unemployment Rate s.a (MoM),Switzerland,3,3.400,3.300,
09/09/2016 11:45:00,Federal Reserve Bank of Boston President Rosengren Speech,United States,1,,,
09/10/2016 00:00:00,EcoFin Meeting,European Monetary Union,2,,,
09/12/2016 12:05:00,Fed's Lockhart speech,United States,1,,,
09/12/2016 15:30:00,3-Month Bill Auction,United States,1,0.375,0.335,
09/12/2016 15:30:00,6-Month Bill Auction,United States,1,0.540,0.470,
09/12/2016 17:00:00,3-Year Note Auction,United States,1,0.947,0.850,
09/12/2016 17:00:00,10-Year Note Auction,United States,2,1.699,1.503,
09/12/2016 17:15:00,FOMC Member Brainard Speech,United States,1,,,
09/13/2016 09:00:00,Employment Change (YoY),European Monetary Union,1,1.400,1.400,
09/13/2016 09:00:00,Employment Change (QoQ),European Monetary Union,1,0.400,0.300,
09/13/2016 10:45:00,ECB President Draghi's Speech,European Monetary Union,3,,,
09/13/2016 15:30:00,52-Week Bill auction,United States,1,0.630,0.570,
09/13/2016 15:30:00,4-Week Bill Auction,United States,1,0.250,0.250,
09/13/2016 17:00:00,30-Year Bond Auction,United States,1,2.475,2.274,
09/14/2016 08:30:00,Claimant Count Change,United Kingdom,2,2.400,-8.600,1.800
09/14/2016 08:30:00,ILO Unemployment Rate (3M),United Kingdom,2,4.900,4.900,4.900
09/14/2016 08:30:00,Average Earnings including Bonus (3Mo/Yr),United Kingdom,2,2.300,2.400,2.100
09/14/2016 08:30:00,Average Earnings excluding Bonus (3Mo/Yr),United Kingdom,2,2.100,2.300,2.200
09/14/2016 08:30:00,Claimant Count Rate,United Kingdom,2,2.200,2.200,
09/14/2016 10:21:11,30-y Bond Auction,Germany,1,0.620,0.450,
09/15/2016 11:00:00,BoE Asset Purchase Facility,United Kingdom,3,435.000,435.000,435.000
09/15/2016 11:00:00,Monetary Policy Summary,United Kingdom,3,,,
09/15/2016 11:00:00,BOE MPC Vote Cut,United Kingdom,3,0.000,9.000,0.000
09/15/2016 11:00:00,Bank of England Minutes,United Kingdom,3,,,
09/15/2016 11:00:00,BOE MPC Vote Hike,United Kingdom,3,0.000,0.000,0.000
09/15/2016 11:00:00,BOE MPC Vote Unchanged,United Kingdom,3,9.000,0.000,9.000
09/15/2016 12:30:00,Continuing Jobless Claims,United States,1,2.143,2.144,2.140
09/15/2016 12:30:00,Initial Jobless Claims,United States,2,260.000,259.000,265.000
09/16/2016 00:00:00,EU leaders summit,European Monetary Union,3,,,
09/16/2016 09:00:00,Labour cost,European Monetary Union,2,1.000,1.700,
09/19/2016 09:00:00,German Buba Monthly Report,Germany,1,,,
09/19/2016 15:30:00,3-Month Bill Auction,United States,1,0.305,0.375,
09/19/2016 15:30:00,6-Month Bill Auction,United States,1,0.500,0.540,
09/20/2016 10:35:45,30-y Bond Auction,United Kingdom,1,1.530,2.100,
09/20/2016 14:12:30,GDT Price Index,New Zealand,3,1.700,7.700,
09/20/2016 15:30:00,4-Week Bill Auction,United States,1,0.180,0.250,
09/21/2016 07:00:00,Non-monetary policy's ECB meeting,European Monetary Union,1,,,
09/21/2016 11:00:00,BoE Quarterly Bulletin,United Kingdom,1,,,
09/21/2016 13:00:00,SNB Quarterly Bulletin,Switzerland,2,,,
09/21/2016 18:00:00,FOMC Economic Projections,United States,3,,,
09/21/2016 18:00:00,Fed's Monetary Policy Statement,United States,3,,,
09/21/2016 18:30:00,FOMC Press conference,United States,3,,,
09/22/2016 08:00:00,Economic Bulletin,European Monetary Union,2,,,
09/22/2016 09:30:00,Targeted LTRO,European Monetary Union,3,45.300,399.300,
09/22/2016 12:30:00,Initial Jobless Claims,United States,2,252.000,260.000,262.000
09/22/2016 12:30:00,Continuing Jobless Claims,United States,1,2.113,2.143,2.143
09/22/2016 13:00:00,ECB President Draghi's Speech,European Monetary Union,3,,,
09/22/2016 13:30:00,MPC Member Cunliffe Speech,United Kingdom,1,,,
09/22/2016 17:00:00,BOE's Governor Carney speech,United Kingdom,3,,,
09/23/2016 16:00:00,Fed's Lockhart speech,United States,2,,,
09/23/2016 16:00:00,FOMC Member Mester speech,United States,2,,,
09/23/2016 16:00:00,FOMC Member Harker Speech,United States,2,,,
09/24/2016 02:00:00,Daylight Saving Time,New Zealand,0,,,
09/26/2016 00:00:00,OPEC meeting,United States,2,,,
09/26/2016 09:30:00,SNB Chairman Jordan Speech,Switzerland,2,,,
09/26/2016 15:05:00,ECB President Draghi's Speech,European Monetary Union,3,,,
09/26/2016 15:30:00,3-Month Bill Auction,United States,1,0.250,0.305,
09/26/2016 15:30:00,6-Month Bill Auction,United States,1,0.420,0.500,
09/26/2016 15:45:00,Fed's Tarullo speech,United States,1,,,
09/26/2016 16:00:00,ECB's Nowotny Speech,European Monetary Union,1,,,
09/26/2016 17:00:00,2-Year Note Auction,United States,1,0.750,0.760,
09/27/2016 00:00:00,OPEC meeting,United States,2,,,
09/27/2016 15:15:00,Fed's Stanley Fischer speech,United States,2,,,
09/27/2016 15:30:00,4-Week Bill Auction,United States,1,0.160,0.180,
09/28/2016 00:00:00,OPEC meeting,United States,2,,,
09/28/2016 09:00:00,ECB President Draghi's Speech,European Monetary Union,3,,,
09/28/2016 14:00:00,Fed's Yellen testifies,United States,3,,,
09/28/2016 14:10:00,Fed's Bullard speech,United States,2,,,
09/28/2016 17:00:00,7-Year Note Auction,United States,1,1.389,1.423,
09/28/2016 17:30:00,Fed's Evans Speech,United States,1,,,
09/28/2016 20:35:00,FOMC Member Mester speech,United States,1,,,
09/28/2016 23:15:00,Fed's George Speech,United States,1,,,
09/29/2016 07:55:00,Unemployment Rate s.a.,Germany,2,6.100,6.100,6.100
09/29/2016 07:55:00,Unemployment Change,Germany,2,1.000,-7.000,-5.000
09/29/2016 09:00:00,FOMC Member Harker Speech,United States,1,,,
09/29/2016 09:39:57,10-y Bond Auction,Italy,1,1.210,1.140,
09/29/2016 09:40:02,5-y Bond Auction,Italy,1,0.280,0.190,
09/29/2016 12:30:00,Continuing Jobless Claims,United States,1,2.062,2.113,2.130
09/29/2016 12:30:00,Initial Jobless Claims,United States,2,254.000,252.000,260.000
09/29/2016 12:50:00,Fed's Lockhart speech,United States,1,,,
09/29/2016 14:00:00,FOMC Member Powell Speech,United States,1,,,
09/29/2016 20:00:00,Fed's Yellen Speech,United States,3,,,
09/30/2016 08:00:00,Unemployment,Italy,2,11.400,11.400,11.400
09/30/2016 09:00:00,Unemployment Rate,European Monetary Union,2,10.100,10.100,10.000
10/03/2016 15:30:00,3-Month Bill Auction,United States,1,0.310,0.250,
10/03/2016 15:30:00,6-Month Bill Auction,United States,1,0.490,0.420,
10/04/2016 01:30:00,RBNZ Governor Wheeler Speech,New Zealand,1,,,
10/04/2016 14:05:54,GDT Price Index,New Zealand,1,-3.000,1.700,
10/04/2016 15:30:00,4-Week Bill Auction,United States,1,0.260,0.160,
10/05/2016 00:40:00,Fed's Evans Speech,United States,1,,,
10/05/2016 07:00:00,Non-monetary policy's ECB meeting,European Monetary Union,1,,,
10/05/2016 09:48:36,10-y Bond Auction,Germany,2,-0.030,-0.110,
10/05/2016 12:15:00,ADP Employment Change,United States,2,154.000,177.000,166.000
10/06/2016 09:00:00,10-y Bond Auction,France,1,0.280,0.260,
10/06/2016 09:30:00,30-y Bond Auction,United Kingdom,1,1.490,1.530,
10/06/2016 11:30:00,Challenger Job Cuts (YoY),United States,1,44.324,32.188,
10/06/2016 11:30:00,ECB Monetary Policy Meeting Accounts,European Monetary Union,3,,,
10/06/2016 12:30:00,Continuing Jobless Claims,United States,1,2.058,2.062,
10/06/2016 12:30:00,Initial Jobless Claims,United States,2,249.000,254.000,256.000
10/07/2016 00:00:00,IMF Meeting,European Monetary Union,2,,,
10/07/2016 07:00:00,Foreign Currency Reserves,Switzerland,1,628.000,627.000,
10/07/2016 12:30:00,Average Hourly Earnings (YoY),United States,2,2.600,2.400,
10/07/2016 12:30:00,Nonfarm Payrolls,United States,3,156.000,151.000,175.000
10/07/2016 12:30:00,Average Weekly Hours,United States,1,34.400,34.300,34.400
10/07/2016 12:30:00,Labor Force Participation Rate,United States,2,62.900,62.800,
10/07/2016 12:30:00,Average Hourly Earnings (MoM),United States,2,0.200,0.100,0.200
10/07/2016 12:30:00,Unemployment Rate,United States,3,5.000,4.900,4.900
10/07/2016 14:30:00,Fed's Stanley Fischer speech,United States,2,,,
10/07/2016 16:45:00,FOMC Member Mester speech,United States,1,,,
10/07/2016 19:00:00,Fed's George Speech,United States,1,,,
10/07/2016 20:00:00,FOMC Member Brainard Speech,United States,1,,,
10/08/2016 00:00:00,IMF Meeting,European Monetary Union,2,,,
10/09/2016 00:00:00,IMF Meeting,European Monetary Union,2,,,
10/10/2016 05:45:00,Unemployment Rate s.a (MoM),Switzerland,3,3.300,3.400,3.400
10/11/2016 02:00:00,Fed's Evans Speech,United States,1,,,
10/11/2016 03:00:00,RBNZ Assistant Governor McDermott Speech,New Zealand,2,,,
10/11/2016 14:00:00,Labor Market Conditions Index,United States,2,,-0.700,
10/11/2016 15:30:00,52-Week Bill auction,United States,1,,0.630,
10/11/2016 15:30:00,4-Week Bill Auction,United States,1,,0.260,
10/11/2016 15:30:00,3-Month Bill Auction,United States,1,,0.310,
10/11/2016 15:30:00,6-Month Bill Auction,United States,1,,0.490,
